env_id,episode_return,episode_steps,episode_duration,forward_displacement,mean_forward_velocity,fall,timeout,other,initial_world_x,terminal_world_x,out_of_terrain_x,reward_identity_residual,terrain_row,terrain_column,reward_progress,reward_alive,reward_upright,reward_move_to_target,reward_foot_contact,reward_action_l2,reward_energy,reward_joint_velocity,reward_joint_pos_limits,reward_foot_slip
0,122.33410377148539,625,10.416666666666666,51.04297637939453,4.886115175265074,True,False,False,45.0,96.04297637939453,False,8.317651918332558e-07,14,0,127.68620437961363,5.200000271201134,0.47250004444504157,14.147072889842093,2.2333334498107433,-0.07670968577667736,-17.2082357625477,-2.4236922224281443,-6.278918923519086,-1.4174498373904498
1,87.83525265339995,475,7.916666666666667,36.19037628173828,4.557040800162052,True,False,False,-65.0,-28.80962371826172,False,1.1785423339460976e-06,3,0,90.56413209170569,3.9500002060085535,0.34416669904021546,10.792921741580358,1.900000099092722,-0.051325068288861075,-12.165574980783276,-1.7367300574733235,-4.762812912532354,-0.9995239864074392
2,198.20401117787696,960,16.0,81.38417053222656,5.071280132342751,False,True,False,-15.0,66.38417053222656,False,1.9559640804800438e-06,8,0,204.91488616517745,8.000000417232513,0.7991667418391444,23.43246853724122,3.316666839644313,-0.10650442028486395,-26.34499111036712,-3.8662399992717837,-9.694235194072462,-2.247204843297368
3,194.96129172830842,960,16.0,80.47750854492188,5.01596227606642,False,True,False,5.0,85.47750854492188,False,1.143943336501252e-06,10,0,201.64177437848412,8.000000417232513,0.7850000738399103,21.906626803800464,3.2833335045725107,-0.1084987681470011,-25.89335086615756,-3.7732783904975804,-8.825321674725274,-2.0549926061503356
4,167.80591641180217,960,16.0,69.85843658447266,4.348693188085842,False,True,False,-55.0,14.858436584472656,False,8.04884621175006e-07,4,0,175.15430571581237,8.000000417232513,0.7975000750157051,23.081273648887873,3.566666852682829,-0.12858034105374827,-28.216597976046614,-3.6101451601280132,-8.81366896074178,-2.0248386647435836
5,199.45276442263275,960,16.0,82.0695571899414,5.115731827329728,False,True,False,5.0,87.0695571899414,False,1.7602444017938979e-06,10,0,206.22234111840953,8.000000417232513,0.7966667416039854,22.56447901763022,3.2833335045725107,-0.10543539488736542,-25.982553582289256,-3.844359330221778,-9.412568224402094,-2.0691380847711116
6,1.4690627865493298,23,0.3833333333333333,0.5015640258789062,1.3117152918940005,True,False,False,15.0,15.501564025878906,False,2.6154793886234984e-09,11,0,1.2859701067209244,0.18333334289491177,0.0033333336468786,0.5750000514090061,0.01666666753590107,-0.0014910680145021615,-0.24694183527026325,-0.03697314448072575,-0.293325150385499,-0.016509520122781396
7,164.7040951026138,960,16.0,68.0878677368164,4.239860439921419,False,True,False,-55.0,13.087867736816406,False,7.148819349822588e-07,4,0,170.95834184018895,8.000000417232513,0.7983334084274247,22.825640217401087,3.550000185146928,-0.12921730784637475,-26.659416633367073,-3.382098434602085,-9.279711565101024,-1.9777777397484897
8,19.772270900488365,287,4.783333333333333,9.004051208496094,1.875511775773265,True,False,False,95.0,104.0040512084961,True,3.1962312618816213e-07,19,0,22.82861438888358,2.383333457633853,0.19583335175411776,6.083423837320879,1.433333408087492,-0.1176059726301446,-6.033395777718397,-0.6387510645314194,-5.845017080369871,-0.5174979675648501
9,172.63924479484558,960,16.0,70.42213439941406,4.389358919507261,False,True,False,-5.0,65.42213439941406,False,6.0609272622969e-07,9,0,176.79737202016986,8.000000417232513,0.7841667404281907,22.23466839082539,3.4666668474674225,-0.10358854784669802,-24.648043239867548,-3.594367960438831,-8.361872070068898,-1.9357584091485478
10,185.39475764741655,960,16.0,76.76914978027344,4.784887964552036,False,True,False,5.0,81.76914978027344,False,1.8216610442323145e-07,10,1,192.13998311688192,8.000000417232513,0.7766667397227138,22.06576280016452,3.7500001955777407,-0.11235330103431806,-25.940321056492394,-3.5922393460568856,-9.465913486019417,-2.226828250393737
11,203.36952231545,960,16.0,84.65213775634766,5.278601176018128,False,True,False,-5.0,79.65213775634766,False,9.593546792530105e-07,9,1,211.45134459383553,8.000000417232513,0.7925000745453872,20.802454355172813,3.4166668448597193,-0.10835413826441709,-25.510120033744897,-3.6499823906115125,-9.712526779258042,-2.1124596689624013
12,203.09165057563223,960,16.0,83.34774780273438,5.194945848981539,False,True,False,5.0,88.34774780273438,False,1.2087793948012404e-06,10,1,208.55762740410864,8.000000417232513,0.7950000747805461,22.514574272558093,3.566666852682829,-0.09874101856712514,-25.522703566821292,-3.9269296477141324,-8.670360185657046,-2.1234828181914054
13,183.74301975709386,960,16.0,75.75800323486328,4.7217081204677624,False,True,False,-65.0,10.758003234863281,False,1.0011742688220693e-06,3,1,189.91667606437113,8.000000417232513,0.7675000721937977,21.993440951686352,3.383333509787917,-0.10651843024083973,-25.008148074994097,-3.5618864118914644,-9.697286076504497,-1.944091263372684
14,2.0313673093914986,41,0.6833333333333333,0.5764694213867188,0.843930770711201,True,False,False,35.0,35.57646942138672,False,1.0582539289316628e-08,13,1,1.4178060498088598,0.3333333507180214,0.0083333341171965,1.0250000916421413,0.01666666753590107,-0.0010271959148440146,-0.19304547604406253,-0.03133532287029084,-0.5380226904526353,-0.006341488566249609
15,121.71039805840701,608,10.133333333333333,51.11774444580078,5.032018647274909,True,False,False,55.0,106.11774444580078,True,1.0998526818184473e-06,15,1,127.93962211636244,5.058333597145975,0.46416671032784507,13.648583079688251,2.2666667848825455,-0.13493332060238572,-16.067705820023548,-2.304495329672534,-7.821689047006657,-1.338149612842244
16,173.1678875652142,960,16.0,71.88882446289062,4.480806661068345,False,True,False,-25.0,46.888824462890625,False,1.5745413293188903e-06,7,1,179.7781665661605,8.000000417232513,0.7958334081922658,22.451699341647327,3.833333533257246,-0.12809807082749103,-27.318300273720524,-3.484649443467788,-8.552718898616149,-2.2073805891850498
17,199.3599671091888,960,16.0,86.44148254394531,5.392809131094934,False,True,False,55.0,141.4414825439453,True,2.156173962930552e-06,15,1,216.96859697741456,8.000000417232513,0.7975000750157051,23.150170259177685,2.116666777059436,-2.60150400903035,-16.573222619277658,-2.268423244410684,-28.95468646397603,-1.2751289038424147
18,3.101974703371525,36,0.6,1.1278915405273438,1.8903057310316298,True,False,False,35.0,36.127891540527344,False,2.9284933589224238e-08,13,1,2.8053387105464935,0.2916666818782687,0.00750000070547685,0.8726799823343754,0.01666666753590107,-0.0008050518453046607,-0.1157662172045093,-0.01768868969520554,-0.7486423207446933,-0.008975030854344368
19,188.63459391977813,960,16.0,78.89601135253906,4.918484388788541,False,True,False,-5.0,73.89601135253906,False,7.015181608949206e-07,9,1,197.4965919458773,8.000000417232513,0.78583340725163,21.326208006124943,3.4166668448597193,-0.11042683960897648,-26.304974777885946,-3.77739118689351,-10.04602312685165,-2.1518900688097347
20,154.53858213039348,960,16.0,64.49746704101562,4.016548484939267,False,True,False,5.0,69.49746704101562,False,8.591239293309627e-07,10,2,161.3890053773648,8.000000417232513,0.7591667380766012,21.916565901599824,3.5333335176110268,-0.1100015728895869,-25.51395281708392,-3.6586538983383434,-9.676833501114743,-2.100048891188635
21,201.8400688660331,960,16.0,84.00164794921875,5.235184748614362,False,True,False,-65.0,19.00164794921875,False,2.3634904664504575e-06,3,2,210.51563543640077,8.000000417232513,0.800000075250864,22.278183264657855,3.316666839644313,-0.11437052479845988,-27.21044464671286,-4.079032795591047,-9.537963851820678,-2.1286029847397003
22,112.71951898658881,657,10.95,47.66950988769531,4.337721163551557,True,False,False,55.0,102.66950988769531,True,3.6250180812658073e-07,15,2,119.29769456631038,5.466666951775551,0.5291667164419778,14.938336879014969,2.416666792705655,-0.12828227444890672,-18.2980848068255,-2.38371495737276,-7.7834422695450485,-1.335488248965703
23,176.82721835328266,960,16.0,73.86278533935547,4.600570632264135,False,True,False,-55.0,18.86278533935547,False,1.335334900431917e-06,4,2,184.8090913988999,8.000000417232513,0.7725000726641156,22.56213365867734,3.5333335176110268,-0.11238668090641113,-26.77762383176014,-3.795670219762542,-9.97815429858747,-2.186004345450783
24,0.37186302430927753,14,0.23333333333333334,0.08490753173828125,0.4123985692858696,True,False,False,95.0,95.08490753173828,False,1.5841578715480864e-08,19,2,0.19352214387618005,0.10833333898335695,0.00250000023515895,0.2738563767634332,0.03333333507180214,-0.0007972698749654228,-0.1523291717749089,-0.0225618279655464,-0.03925497457385063,-0.02473894227296114
25,181.84613365819678,960,16.0,76.73292541503906,4.780176612934641,False,True,False,-45.0,31.732925415039062,False,7.068060767778661e-07,5,2,191.88103155617137,8.000000417232513,0.7841667404281907,21.753579933196306,3.4833335150033236,-0.13277398210948377,-28.84668955858797,-3.7867920535281883,-9.139752838224013,-2.1499707781913457
26,210.21580682112835,960,16.0,86.6214599609375,5.401600880546417,False,True,False,5.0,91.6214599609375,False,1.8357263797952328e-06,10,2,216.7540799366543,8.000000417232513,0.7891667408985086,21.945826161652803,3.333333507180214,-0.10037668554423362,-25.062735182698816,-3.771235498639726,-9.490370956045808,-2.1818797838350292
27,210.9022387568839,960,16.0,88.82231140136719,5.53553261236763,False,True,False,-15.0,73.82231140136719,False,4.5749304717901396e-06,8,2,222.18751150299795,8.000000417232513,0.7841667404281907,21.81566148530692,3.066666826605797,-0.12214025619573476,-28.68031482672086,-4.044488039653515,-9.934289930461091,-2.170530587725807
28,141.07609659200534,739,12.316666666666666,59.31156921386719,4.803374335657508,True,False,False,45.0,104.31156921386719,True,2.497553737157432e-07,14,2,148.29086038225796,6.150000320747495,0.569166720204521,16.591095644049346,2.666666805744171,-0.15539975001274797,-20.212839477928355,-2.8038850401267723,-8.459060736928222,-1.56050802624668
29,-0.15411943496292224,19,0.31666666666666665,-0.07297515869140625,-0.22639097817438214,True,False,False,15.0,14.927024841308594,False,9.481482265982777e-10,11,2,-0.14404297521105036,0.15000000782310963,0.00250000023515895,0.33494787622475997,0.03333333507180214,-0.0013502761480594927,-0.31112153572030365,-0.039742184249917045,-0.1518450235016644,-0.026798658538609743
30,0.6317656708415598,25,0.4166666666666667,0.0591583251953125,0.143061937764287,True,False,False,-35.0,-34.94084167480469,False,1.593701881574816e-08,6,3,0.16113282073638402,0.20000001043081284,0.00416666705859825,0.5559920594096184,0.05000000260770321,-0.0007496924054635201,-0.14793773426208645,-0.021908732087467797,-0.15347550995647907,-0.015454204753041267
31,220.21659920813215,960,16.0,91.76393127441406,5.7225551514022905,False,True,False,15.0,106.76393127441406,True,3.7847515841349377e-06,11,3,229.46290216885973,8.000000417232513,0.7591667380766012,21.3906620843336,3.0000001564621925,-0.2576068527607731,-25.077993737198994,-3.7281469432746235,-11.16121389046748,-2.171167148379027
32,181.03958309418522,960,16.0,76.04102325439453,4.737240013324966,False,True,False,25.0,101.04102325439453,False,1.4280128652899293e-06,12,3,190.2106213280931,8.000000417232513,0.7750000728992745,21.860633340664208,3.4500001799315214,-0.12867709809029293,-27.89996649097884,-3.675645248084038,-9.36065575343855,-2.191729082056554
33,163.76070304826135,818,13.633333333333333,73.82331848144531,5.406746835886184,True,False,False,65.0,138.8233184814453,True,6.904761278292426e-07,16,3,184.76726083597168,6.808333688415587,0.49583337997319177,12.13737340233638,1.8000000938773155,-1.4046350618107226,-14.384432405087864,-2.102609291355048,-23.371271714917384,-0.9851491886656731
34,168.3692563311197,853,14.216666666666667,71.67597961425781,5.029282811723414,True,False,False,45.0,116.67597961425781,True,4.4409597421690705e-07,14,3,179.22705913358368,7.100000370293856,0.6016667232615873,19.34553485363722,2.7500001434236765,-0.4713220649016421,-21.69996682481724,-2.880185303203632,-13.947803163449862,-1.6557279808039311
35,99.08945349231362,534,8.9,47.61848449707031,5.3457437285155835,True,False,False,85.0,132.6184844970703,True,1.637801148035578e-07,18,3,118.6437231041491,4.441666898317635,0.21583335363538936,6.643530015015131,0.9333333820104599,-1.0929981008732739,-9.164782758423826,-1.1868890546928874,-19.741231376305223,-0.6027321342990035
36,164.46721823938424,960,16.0,68.39551544189453,4.259822664413757,False,True,False,-55.0,13.395515441894531,False,2.7112264433526434e-07,4,3,171.01921424944885,8.000000417232513,0.7675000721937977,21.776073422282934,3.800000198185444,-0.11828795707924655,-25.833600572979776,-3.421565185610234,-9.57577909927204,-1.9463375761406496
37,206.79697091388516,960,16.0,86.29706573486328,5.377413075358588,False,True,False,5.0,91.29706573486328,False,2.490743440830556e-06,10,3,215.9690860348055,8.000000417232513,0.7708334058406763,22.711605567485094,3.300000172108412,-0.12266047837931637,-27.961573088163277,-3.938189893902745,-9.788927123954636,-2.1432016084436327
38,174.6418876540556,960,16.0,72.35020446777344,4.5077017688502865,False,True,False,-45.0,27.350204467773438,False,1.0491235116205644e-06,5,3,181.08366780760116,8.000000417232513,0.7725000726641156,21.70972892921418,3.7000001929700375,-0.11457316874066237,-25.066871963703306,-3.390917193970381,-10.01281735082921,-2.0388311375063495
39,180.4038453688845,960,16.0,75.98103332519531,4.733586197342569,False,True,False,-65.0,10.981033325195312,False,1.6396649016314768e-07,3,3,189.88851875936962,8.000000417232513,0.7891667408985086,20.707693866454065,3.6833335254341364,-0.11301258165826766,-26.69474043903756,-3.7563893566912157,-9.87550532062113,-2.2252200785296736
40,147.74341046065092,960,16.0,64.75276184082031,4.0355441403131405,False,True,False,55.0,119.75276184082031,True,3.4008127158813295e-07,15,4,161.68148566140735,8.000000417232513,0.5958333893795498,17.208310973946936,2.9833334889262915,-0.5325959195921826,-21.3790341410604,-2.6146156225419332,-16.665272048026964,-1.5340360791014973
41,180.73658413346857,960,16.0,74.85775756835938,4.666729136072293,False,True,False,-35.0,39.857757568359375,False,1.134695480686787e-06,6,4,187.16439713840373,8.000000417232513,0.7841667404281907,22.699307788163424,3.4166668448597193,-0.12509539046993723,-27.35567883856129,-3.6037273691545124,-8.094695256222622,-2.1487590759061277
42,165.7260907452728,762,12.7,70.22409057617188,5.514896854792484,True,False,False,35.0,105.22409057617188,True,2.7197351926133706e-06,13,4,175.59213099171757,6.341666997410357,0.6116667242022231,17.904927941039205,2.7166668083518744,-0.14940901480520097,-23.060100951697677,-3.214267498567466,-9.197759641408311,-1.8194288912345655
43,161.64356897771358,960,16.0,67.4295883178711,4.199873256296754,False,True,False,5.0,72.4295883178711,False,4.7387948143295944e-07,10,4,168.57666877178417,8.000000417232513,0.7900000743102282,22.94096440449357,3.833333533257246,-0.13806109585493687,-28.352916099946015,-3.588309723432758,-8.217907172976993,-2.2002046050329227
44,159.84806929389015,960,16.0,66.6106185913086,4.146688634157181,False,True,False,-75.0,-8.389381408691406,False,1.2005308462903486e-06,2,4,166.5149821965024,8.000000417232513,0.7800000733695924,22.188624907284975,3.7500001955777407,-0.12056471656217127,-26.50106200191658,-3.465809976121818,-9.162518370683756,-2.1355846313235816
45,181.2617412302061,960,16.0,75.72882080078125,4.716261489885316,False,True,False,-85.0,-9.27117919921875,False,2.9000574386373046e-06,1,4,189.17546509121894,8.000000417232513,0.7791667399578728,23.68355532735586,3.333333507180214,-0.11970320913781052,-27.561548434459837,-3.8520641479699407,-9.863024863327155,-2.3134362977871206
46,192.4450928089209,960,16.0,79.19989013671875,4.936839430856829,False,True,False,15.0,94.19989013671875,False,3.084770696659689e-06,11,4,198.02670267550275,8.000000417232513,0.7558334044297226,22.53570409771055,3.2833335045725107,-0.10109701135911564,-24.908402739616577,-3.758828009769786,-9.354694052584819,-2.03345639242616
47,69.06358356866986,374,6.233333333333333,28.88182830810547,4.619317342850932,True,False,False,-95.0,-66.11817169189453,False,7.481737611669814e-07,0,4,72.23389042564668,3.1083334954455495,0.2883333604549989,7.833714260399574,1.2666667327284813,-0.04896403237944469,-8.830680152546847,-1.223699389780677,-4.7933882616925985,-0.7706221214320976
48,183.98489160920144,960,16.0,76.112060546875,4.741995040280744,False,True,False,-45.0,31.112060546875,False,1.3199470458857832e-06,5,4,190.3128349817125,8.000000417232513,0.7916667411336675,22.317348009441048,3.7000001929700375,-0.11017984623947541,-25.81761923787417,-3.6259898810531013,-9.374592664848024,-2.2085757833265234
49,21.548274053493515,166,2.7666666666666666,9.207107543945312,3.321971928678363,True,False,False,95.0,104.20710754394531,True,1.1057971249783805e-07,19,4,23.05566523037851,1.3750000717118382,0.12083334469934925,3.977524436544627,0.5666666962206364,-0.07781074979186542,-3.688209065818228,-0.4340493564500818,-3.035776362172328,-0.31157030240865424
50,145.36933326581493,882,14.7,60.2969970703125,4.087262535294573,True,False,False,-75.0,-14.7030029296875,False,4.1512851112202043e-07,2,5,150.72901122784242,7.341667049564421,0.6508333945530467,19.59616290940903,3.2500001695007086,-0.10470902822510197,-22.445803575450554,-2.966195284629066,-8.904507265655411,-1.7771267462230753
51,-0.22037715977057815,21,0.35,-0.2662334442138672,-0.7707883176349458,True,False,False,-15.0,-15.266233444213867,False,3.6850110518571455e-08,8,5,-0.6625976776704192,0.1666666753590107,0.0033333336468786,0.5250000469386578,0.01666666753590107,-0.0007144120999100778,-0.12717385910218582,-0.015566427813610062,-0.11695325886830688,-0.009038210846483707
52,3.303571153432131,47,0.7833333333333333,0.8978424072265625,1.1455760661591874,True,False,False,-95.0,-94.10215759277344,False,1.632078294733219e-08,0,5,2.25032564625144,0.3833333533257246,0.0133333345875144,0.8730560221592896,0.03333333507180214,-0.0008119867044200646,-0.12695830324082635,-0.019136807866743766,-0.09228090895339847,-0.010622514877468348
53,68.40861155191669,361,6.016666666666667,29.62713623046875,4.908814777947777,True,False,False,75.0,104.62713623046875,True,5.57142925572407e-07,17,5,74.05941138812341,3.0000001564621925,0.28750002704327926,8.573144562542439,1.2500000651925802,-0.10196868420018745,-11.631481798773166,-1.4837126183808778,-4.716461468313355,-0.8278195206366945
54,195.0176218401175,864,14.4,82.21268463134766,5.695926840662853,True,False,False,25.0,107.21268463134766,True,3.933125015009864e-06,12,5,205.44532317481935,7.1916670417413116,0.6958333987859078,20.369435159227578,2.7833334784954786,-0.17548363798596256,-25.119076621485874,-3.652444571308763,-10.636018077406334,-1.8849435716401786
55,99.97915339056635,620,10.333333333333334,41.35136413574219,3.985308365523815,True,False,False,35.0,76.35136413574219,False,8.086353773251176e-07,13,5,103.01074738458556,5.158333602361381,0.49750004679663107,15.28060155606363,2.2333334498107433,-0.07194519660333754,-15.956089276151033,-2.160760712074989,-6.598142094564537,-1.4144245610223152
56,159.5428339529317,720,12.0,68.1156005859375,5.664285708736214,True,False,False,45.0,113.1156005859375,True,3.569186446839012e-06,14,5,170.27979387127561,5.9916669791564345,0.5466667180880904,16.371205627452582,2.2500001173466444,-0.31882151226136557,-19.418752868805313,-2.7907667183221605,-11.845543329069187,-1.5226113627431914
57,99.31704327824991,466,7.766666666666667,42.6558837890625,5.481091024937676,True,False,False,65.0,107.6558837890625,True,1.0401131618209547e-06,16,5,106.57813011819962,3.8750002020969987,0.3600000338628888,10.210948855688912,1.4666667431592941,-0.18541717879452335,-13.070156485162443,-1.8577587682243433,-7.127948431185359,-0.9324207712779753
58,194.59575019869953,960,16.0,80.5844955444336,5.022563851754724,False,True,False,-45.0,35.584495544433594,False,1.8344168211115175e-06,5,5,201.3551531919511,8.000000417232513,0.7825000736047514,22.163877183105797,3.4833335150033236,-0.10586900979376423,-25.33449732340523,-3.7580908084601106,-9.818473059516691,-2.172182146605337
59,182.99727536179125,960,16.0,76.80583190917969,4.784758255428945,False,True,False,-35.0,41.80583190917969,False,8.435058589384425e-07,6,5,191.9656670949189,8.000000417232513,0.7766667397227138,21.716612135991454,3.4166668448597193,-0.12407519738599149,-27.371740239323117,-3.682332872704137,-9.455518108676188,-2.2446722963504726
60,162.11171732889488,960,16.0,67.18523406982422,4.1817763943652,False,True,False,-55.0,12.185234069824219,False,1.3508631582226371e-06,4,6,167.7573327155842,8.000000417232513,0.7633334051351994,22.361380112357438,3.566666852682829,-0.11351728660679328,-25.22434260812588,-3.4587911760245333,-9.538413157570176,-2.0019332966330694
61,213.49096043007012,960,16.0,87.35828399658203,5.443551983733292,False,True,False,-75.0,12.358283996582031,False,2.540461991884513e-06,2,6,218.09083081805147,8.000000417232513,0.7891667408985086,22.59282789938152,3.2666668370366096,-0.0967822967400025,-24.371307283880014,-3.730921927406598,-8.84376932744999,-2.205748906591907
62,154.81515447364654,960,16.0,66.27117156982422,4.1283217841992155,False,True,False,45.0,111.27117156982422,True,6.508947194561188e-07,14,6,165.60466319834813,8.000000417232513,0.769166739017237,21.87720386276669,3.7166668605059385,-0.47869842125055584,-25.392223510323674,-3.1941634800189718,-14.073460768852783,-2.0140010746727057
63,173.17374956385174,861,14.35,72.56206512451172,5.045954863239041,True,False,False,35.0,107.56206512451172,True,1.6378578493458917e-08,13,6,181.21078349812888,7.16666704043746,0.650000061141327,20.112117071868852,2.866666816174984,-0.25623961187181976,-21.967938327041338,-3.086633881468231,-11.879532986138656,-1.6421401010011323
64,173.7163088475354,960,16.0,71.3802261352539,4.449440505437087,False,True,False,-95.0,-23.619773864746094,False,6.339091669360641e-07,0,6,178.26514542568475,8.000000417232513,0.7975000750157051,22.806919294409454,3.566666852682829,-0.10164868141282568,-24.70394435909111,-3.6340577315640985,-9.137446281805751,-2.142825529706897
65,157.50098620168865,960,16.0,65.90193939208984,4.1052029590549255,False,True,False,-75.0,-9.098060607910156,False,8.636000075057382e-07,2,6,164.5476973290206,8.000000417232513,0.7650000719586387,21.67010462519829,3.6500001903623343,-0.10573642383837978,-25.069476868353377,-3.6693174044776242,-10.137117589405534,-2.150167282408802
66,135.36208688188344,960,16.0,56.2532958984375,3.5020027378962064,False,True,False,-55.0,1.2532958984375,False,1.7777379071048927e-06,4,6,140.6601633557584,8.000000417232513,0.7841667404281907,22.82692655734718,4.266666889190674,-0.13686943256789164,-27.314577231765725,-3.2227480317815207,-8.487694194423966,-2.0139499652723316
67,171.04391102225054,960,16.0,72.64872741699219,4.526951324780627,False,True,False,-5.0,67.64872741699219,False,1.8524847291701008e-06,9,6,180.62972904799972,8.000000417232513,0.7900000743102282,21.69604235267616,3.6666668578982353,-0.11764603371148041,-26.12661552238569,-3.691857522684586,-11.454183143720002,-2.348223652879824
68,157.35837871112017,960,16.0,67.2162094116211,4.186664454602093,False,True,False,15.0,82.2162094116211,False,4.4006361576975905e-07,11,6,167.88054236862808,8.000000417232513,0.7583334046648815,20.05281529137568,3.8833335358649492,-0.12654717524935677,-26.68566102645127,-3.5030710435676156,-10.836094810045324,-2.065271811268758
69,166.08553952421062,960,16.0,69.76155090332031,4.344011379064371,False,True,False,-75.0,-5.2384490966796875,False,2.4099176698655356e-07,2,6,174.38428584346548,8.000000417232513,0.7625000717234798,22.00225420814968,3.800000198185444,-0.12867884195179613,-27.893744984219666,-3.6882091923580447,-9.007430422279867,-2.145437532744836
70,177.24275712412782,960,16.0,73.94735717773438,4.6047170982385675,False,True,False,-95.0,-21.052642822265625,False,2.9915827326476574e-07,0,7,184.30681295553222,8.000000417232513,0.7775000731344335,22.699182238429785,3.2333335019648075,-0.12440522849647095,-26.97651551605668,-3.6252246548574476,-9.202139280492702,-1.8457876814209158
71,189.13513954216614,960,16.0,78.13091278076172,4.868581592357562,False,True,False,-95.0,-16.86908721923828,False,1.9764327134907944e-06,0,7,194.3779392206343,8.000000417232513,0.7866667406633496,23.621121728792787,3.300000172108412,-0.1037154287798785,-25.81822428293526,-3.8852569259906886,-9.068062388343606,-2.075327734783059
72,94.60512880887836,579,9.65,40.0653076171875,4.140938899515193,True,False,False,65.0,105.0653076171875,True,1.1782431101892143e-06,16,7,99.89827952627093,4.816666917875409,0.45750004303408787,12.640578316231768,2.116666777059436,-0.15642139957526524,-15.63372890825849,-2.0359168563591084,-6.361630438885186,-1.1368663467583247
73,93.45158198359422,541,9.016666666666666,39.551719665527344,4.374339759807738,True,False,False,-25.0,14.551719665527344,False,1.1581482795008924e-07,7,7,98.48389176465571,4.500000234693289,0.41916670609498397,12.04047711759631,1.9833334367722273,-0.06278905165186188,-13.875265389680862,-2.034157247544499,-6.7701157460105605,-1.2329597255156841
74,188.32653969805688,960,16.0,78.3552474975586,4.881674878590517,False,True,False,-15.0,63.355247497558594,False,1.245240696334804e-06,8,7,195.70850590034388,8.000000417232513,0.78583340725163,22.055702516809106,3.400000177323818,-0.11591479185460685,-26.313198100717273,-3.6989996184202028,-9.36676406978222,-2.1286248948890716
75,192.919540193805,960,16.0,81.24561309814453,5.061375510419021,False,True,False,-65.0,16.24561309814453,False,7.937169357319362e-07,3,7,202.64128605218139,8.000000417232513,0.7633334051351994,21.69675239082426,3.5166668500751257,-0.12397124967083073,-27.366241392854135,-3.732796624630282,-10.444119192441576,-2.0313696683297167
76,31.756383755244315,192,3.2,13.948112487792969,4.359173867414938,True,False,False,95.0,108.94811248779297,True,2.4080675586901634e-07,19,7,34.597495103953406,1.5916667496785522,0.1200000112876296,4.311766957427608,0.6166666988283396,-0.19251580101149557,-3.3615913935063872,-0.3828205560998157,-5.237734870403074,-0.3065489041036926
77,98.85408067889512,529,8.816666666666666,42.33435821533203,4.784060664151026,True,False,False,65.0,107.33435821533203,True,1.5134866657717794e-06,16,7,105.40088442497654,4.400000229477882,0.4150000390363857,12.414289848478802,1.666666753590107,-0.15058833537693772,-14.593248493620194,-1.9562960089655732,-7.669990560563747,-1.072635704651475
78,145.02939442382194,732,12.2,70.11166381835938,5.743081742556654,True,False,False,85.0,155.11166381835938,True,5.52136555143079e-07,18,7,175.59815309359692,6.091666984371841,0.2816666931612417,5.628058674394197,1.1000000573694706,-2.4764344970292314,-10.353817897557747,-1.4060449153404733,-28.786179097078275,-0.6476741199294338
79,199.55149094061926,960,16.0,83.17111206054688,5.186373515287414,False,True,False,-15.0,68.17111206054688,False,1.536958961878554e-06,8,7,207.84978271322325,8.000000417232513,0.7916667411336675,22.01526854839176,3.383333509787917,-0.11211320971392524,-26.586208959357464,-3.759415219505172,-9.829385029028344,-2.201437034585979
80,135.65558045823127,960,16.0,55.972084045410156,3.4849338887569803,False,True,False,5.0,60.972084045410156,False,1.393212357925222e-06,10,8,139.6816479590343,8.000000417232513,0.7466667369008064,22.14438822120428,4.033333543688059,-0.12307682389399588,-24.495654528407613,-2.994268409729557,-9.450746738584712,-1.8867113124251773
81,0.22422609035857022,20,0.3333333333333333,-0.0412139892578125,-0.11716006500646473,True,False,False,-65.0,-65.04121398925781,False,1.288526618736796e-09,3,8,-0.10888672526925802,0.15833334159106016,0.0033333336468786,0.37718425516504794,0.01666666753590107,-0.0007361915988894907,-0.16059057362144813,-0.016974226193269715,-0.03743261285126209,-0.006671176757663488
82,160.5355171863921,960,16.0,66.06685638427734,4.115521799034226,False,True,False,5.0,71.06685638427734,False,5.257750217424473e-07,10,8,164.8990969231818,8.000000417232513,0.7900000743102282,23.495837723836303,3.7333335280418396,-0.12221477199977926,-26.329464504669886,-3.3920507597176766,-8.530708982405486,-2.0083129871927667
83,166.18456923193298,960,16.0,68.59831237792969,4.273521480072911,False,True,False,-45.0,23.598312377929688,False,9.553559721098281e-09,5,8,171.15756063116714,8.000000417232513,0.7983334084274247,22.678965366445482,3.7333335280418396,-0.11546440785400591,-25.60400590475183,-3.485923959502543,-8.931593125644213,-2.0466367120752693
84,44.88194202887826,253,4.216666666666667,19.05255889892578,4.51311707608549,True,False,False,85.0,104.05255889892578,True,2.1638243197230622e-07,18,8,47.61198149295524,2.1000001095235348,0.1983333519892767,5.928374320734292,0.9166667144745588,-0.09008569406148581,-7.514330841659103,-0.9628197164129233,-2.758514249755649,-0.5476632425270509
85,175.74060904979706,960,16.0,72.42943572998047,4.5124747892434245,False,True,False,-85.0,-12.570564270019531,False,7.916869435575791e-07,1,8,180.87126530564274,8.000000417232513,0.7716667392523959,22.427405018359423,3.383333509787917,-0.10786076903150388,-24.968644399094046,-3.552809593555139,-8.912819729255716,-2.1709266578545794
86,143.63817794097122,960,16.0,62.7289924621582,3.9087762558386507,False,True,False,-85.0,-22.271007537841797,False,1.8603350326884538e-06,1,8,156.6971110017039,8.000000417232513,0.7400000696070492,15.89449853674887,3.58333352021873,-0.11125359931565981,-22.088883691976662,-3.150316141440726,-14.084269150305772,-1.8420411611659802
87,1.6777613321319222,43,0.7166666666666667,0.39452362060546875,0.5586849395618882,True,False,False,-25.0,-24.60547637939453,False,6.867196589155355e-08,7,8,1.0190430264919996,0.35000001825392246,0.00750000070547685,1.0750000961124897,0.01666666753590107,-0.0011859524278179379,-0.14647466551832622,-0.022149810991322738,-0.6136501133441925,-0.006987866014242172
88,2.4434864765498787,118,1.9666666666666666,1.4232635498046875,0.7335599047147622,True,False,False,-25.0,-23.576736450195312,False,1.988632902794052e-08,7,8,3.4933269998291507,0.9750000508502126,0.0250000023515895,1.7883250298873463,0.11666667275130749,-0.004776486982109418,-0.5192120430365321,-0.08427687016410346,-3.3045620092889294,-0.04200484976172447
89,-0.2847863882780075,14,0.23333333333333334,-0.167694091796875,-0.7067010796495846,True,False,False,-55.0,-55.167694091796875,False,5.2796167437918484e-09,4,8,-0.4418945536017418,0.10833333898335695,0.0016666668234393,0.29993419721722603,0.01666666753590107,-0.0007683273752263631,-0.15632863016799092,-0.015340500074671581,-0.08881584217306226,-0.008239400165621191
90,3.2827498270198703,43,0.7166666666666667,1.07470703125,1.5040115034857462,True,False,False,85.0,86.07470703125,False,1.1156544132973067e-08,18,9,2.71630872040987,0.35000001825392246,0.00750000070547685,0.8308081597497221,0.03333333507180214,-0.0009729713590331812,-0.29202408801938873,-0.05003840794961434,-0.2948580317897722,-0.0173069192096591
91,140.26590341050178,880,14.666666666666666,59.11958312988281,4.01757984849709,True,False,False,45.0,104.11958312988281,True,1.2575514460877457e-06,14,9,147.41325600235723,7.32500038202852,0.6791667305515148,21.016960874199867,3.4333335123956203,-0.17790944695002509,-24.564833842443477,-2.91873264364375,-10.151661882409826,-1.788677533135342
92,131.8213564483449,689,11.483333333333333,55.30070114135742,4.803804729663711,True,False,False,-45.0,10.300701141357422,False,2.979196324304212e-06,5,9,137.19613318226766,5.733333632349968,0.5608333860873245,16.650821113493294,2.4833334628492594,-0.0908251411801757,-19.076054131961428,-2.822024065751066,-7.335290645423811,-1.478901365189813
93,177.06646921345964,960,16.0,73.43716430664062,4.576079536481605,False,True,False,15.0,88.43716430664062,False,5.2467044042714406e-08,11,9,182.94125250773504,8.000000417232513,0.769166739017237,22.63655769638717,3.366666842252016,-0.11217073829664059,-24.808207577414578,-3.373111059127041,-10.373215400628851,-1.980470161230187
94,69.86094207200222,482,8.033333333333333,29.442962646484375,3.6551709307697737,True,False,False,75.0,104.44296264648438,True,5.121637229876796e-07,17,9,73.29297242604662,4.008333542384207,0.37750003550900146,11.5674347281456,1.916666766628623,-0.1300939688978815,-12.706959365052171,-1.5486529808897274,-6.027237449220593,-0.8890221748151816
95,192.8665735651739,960,16.0,81.83409118652344,5.098107574259242,False,True,False,-25.0,56.83409118652344,False,8.652752967464039e-07,7,9,204.17107145674527,8.000000417232513,0.7883334074867889,22.037953367456794,3.400000177323818,-0.1301136924628281,-29.187444154871628,-3.926909852787503,-10.073368043806113,-2.2129486518679187
96,182.1254725099716,960,16.0,75.0685043334961,4.679272027086699,False,True,False,25.0,100.0685043334961,False,2.739477622526465e-07,12,9,186.96306271117646,8.000000417232513,0.7591667380766012,22.606169240549207,3.7166668605059385,-0.10621298476394259,-24.933918964117765,-3.534797532876837,-9.33339464263554,-2.011269607122813
97,144.98312072549015,957,15.95,61.876792907714844,3.8672601988611115,True,False,False,45.0,106.87679290771484,True,5.239401161816204e-07,14,9,153.9500400670804,7.966667082160711,0.7450000700773671,22.023408643435687,3.633333522826433,-0.24639101233378824,-24.427946933050407,-3.3596184118084693,-13.106303856955492,-2.1950689698824135
98,1.122940681874752,22,0.36666666666666664,0.27114105224609375,0.7257984416051344,True,False,False,55.0,55.271141052246094,False,2.0356083041406237e-08,15,9,0.6689453423023224,0.17500000912696123,0.00416666705859825,0.4846133068203926,0.03333333507180214,-0.0006306775737812131,-0.11553900956641883,-0.017450964107410982,-0.10357877030037344,-0.005918577313423157
99,179.81122074975065,960,16.0,74.5472183227539,4.645012653941134,False,True,False,-5.0,69.5472183227539,False,3.83702513317985e-07,9,9,185.62045190839854,8.000000417232513,0.7741667394875549,22.16263797087595,3.5333335176110268,-0.1123658424463656,-24.77824953518575,-3.4876601223804755,-9.88090171458316,-2.0201922055566683
