env_id,episode_return,episode_steps,episode_duration,forward_displacement,mean_forward_velocity,fall,timeout,other,initial_world_x,terminal_world_x,out_of_terrain_x,reward_identity_residual,terrain_row,terrain_column,reward_progress,reward_alive,reward_upright,reward_move_to_target,reward_action_l2,reward_energy,reward_joint_pos_limits
0,64.07391383964568,811,13.516666666666666,59.73382568359375,4.412012650074412,True,False,False,45.0,104.73382568359375,True,2.213435436715372e-06,14,0,60.022073198633734,6.750000352039933,1.2850001208717003,6.752476053312421,-0.15390806001050805,-7.075091155791597,-3.506634455974563
1,28.348543044179678,387,6.45,26.065265655517578,4.035906549369873,True,False,False,-65.0,-38.93473434448242,False,8.731694833841175e-07,3,0,26.209180866731913,3.2166668344289064,0.5600000526756048,3.068570008792449,-0.06875549556207261,-2.793302172482072,-1.843816177235567
2,74.66706297686324,960,16.0,68.57498168945312,4.276459749732264,False,True,False,-15.0,53.574981689453125,False,2.352976480324287e-06,8,0,69.03639637147717,8.000000417232513,1.5616668135626242,7.898369456408545,-0.16858922956816969,-7.433544058184452,-4.2272344410885125
3,66.58513291971758,960,16.0,61.60874938964844,3.8401803685963385,False,True,False,5.0,66.60874938964844,False,2.119867531291675e-06,10,0,61.955731928523164,8.000000417232513,1.505000141565688,7.933665015734732,-0.18668559859088418,-8.392673607508186,-4.229903257371916
4,57.8670804053545,960,16.0,52.85409927368164,3.2948427621508016,False,True,False,-55.0,-2.1459007263183594,False,2.287837560288608e-06,4,0,53.11569257819792,8.000000417232513,1.566666814032942,7.918160731438547,-0.19653809585724957,-8.404737165110419,-4.132162586742197
5,60.46972970443312,960,16.0,55.410953521728516,3.4550126839671673,False,True,False,5.0,60.410953521728516,False,2.1260693756630644e-06,10,0,55.85221606912819,8.000000417232513,1.5266668102703989,7.912513235583901,-0.18600102981872624,-8.442575264069092,-4.193088407824689
6,0.604404591023922,35,0.5833333333333334,0.519312858581543,0.8829699942043849,True,False,False,15.0,15.519312858581543,False,5.757101462222636e-09,11,0,0.5355469034984708,0.2833333481103182,0.0133333345875144,0.22653361223638058,-0.013613208602691884,-0.11319874611945124,-0.3275306469295174
7,63.549125141464174,960,16.0,58.916500091552734,3.671385136869503,False,True,False,-55.0,3.9165000915527344,False,2.1434689188026823e-06,4,0,59.128583354118746,8.000000417232513,1.4816668060375378,7.65836930747173,-0.1988983411638401,-8.387502176949056,-4.133092081814539
8,12.135683704633266,226,3.7666666666666666,11.073371887207031,2.936490122014574,True,False,False,95.0,106.07337188720703,True,4.741386874229647e-07,19,0,11.022461440297775,1.8750000977888703,0.3066666955128312,1.86977316159755,-0.04606809613596852,-1.8704829650923784,-1.0216661551967263
9,73.50151581619866,960,16.0,68.14202880859375,4.249642719411835,False,True,False,-5.0,63.14202880859375,False,2.132683221134357e-06,9,0,68.46953428229608,8.000000417232513,1.4983334742719308,7.727344554383308,-0.1739557182572753,-7.930280466003751,-4.089458595040924
10,80.46007127314806,960,16.0,74.54412078857422,4.652344673507226,False,True,False,5.0,79.54412078857422,False,2.4171204131562263e-06,10,1,74.89922204380855,8.000000417232513,1.483333472860977,7.990438589826226,-0.1622813347930787,-7.641535339527763,-4.109104159138951
11,78.5350928073749,960,16.0,72.60466003417969,4.527910219335657,False,True,False,-5.0,67.60466003417969,False,2.3215052351588383e-06,9,1,72.87194311043277,8.000000417232513,1.5700001476798207,7.958120766095817,-0.17176515404389647,-7.61628985490097,-4.076914303615922
12,65.15227247565053,960,16.0,59.63325500488281,3.7210699111713135,False,True,False,5.0,64.63325500488281,False,2.1625764929922298e-06,10,1,59.952737150510075,8.000000417232513,1.5750001481501386,7.969726813957095,-0.18740040280863468,-7.512014307492791,-4.645775181321369
13,19.95071499608457,284,4.733333333333333,18.1580810546875,3.8314771828254766,True,False,False,-65.0,-46.8419189453125,False,5.669071470038034e-07,3,1,18.24010492884554,2.3583334563300014,0.4283333736239001,2.285035149061514,-0.053212338711091434,-2.1131884547821755,-1.1946905513759702
14,1.0946469604969025,91,1.5166666666666666,0.5518875122070312,0.36459356352589656,True,False,False,35.0,35.55188751220703,False,2.0669176592491567e-08,13,1,0.512890651501948,0.7500000391155481,0.033333336468786,0.7485880036838353,-0.0149643354689033,-0.10774562459118897,-0.8274550895439461
15,54.52438598731533,788,13.133333333333333,50.403648376464844,3.833268263989464,True,False,False,55.0,105.40364837646484,True,1.9655985852296e-06,15,1,50.659247135103215,6.558333675377071,1.1566667754668742,6.407990288921155,-0.15095556318010495,-6.76622290108935,-3.340671457684948
16,69.09099057409912,960,16.0,64.68569946289062,4.03523024135114,False,True,False,-25.0,39.685699462890625,False,2.1784508135169744e-06,7,1,64.80989866523305,8.000000417232513,1.5800001486204565,7.97658557863906,-0.19079481612425297,-8.787288280305802,-4.297408960745088
17,81.54936446622014,960,16.0,76.2606201171875,4.763196004399409,False,True,False,55.0,131.2606201171875,True,1.6436115402029827e-06,15,1,76.58398725000006,8.000000417232513,1.5183334761532024,7.9094281629659235,-0.775434370532821,-5.7841024221306725,-5.902846403856529
18,0.36565424827858806,35,0.5833333333333334,0.1557464599609375,0.2557700406227793,True,False,False,35.0,35.15574645996094,False,4.170033207628876e-09,13,1,0.16126303118653595,0.2833333481103182,0.0083333341171965,0.18078742152283667,-0.0026680338914957247,-0.09942810333450325,-0.16596674526226707
19,73.6422728030011,960,16.0,67.36839294433594,4.203443717834307,False,True,False,-5.0,62.36839294433594,False,2.310323907295242e-06,9,1,67.70722961728461,8.000000417232513,1.57166681450326,8.000000417232513,-0.17206870990230527,-7.257582453175928,-4.206970989849651
20,57.12195079156663,960,16.0,51.328739166259766,3.2003254576766875,False,True,False,5.0,56.328739166259766,False,1.9903764041373506e-06,10,2,51.55084868231643,8.000000417232513,1.505000141565688,7.9465719615109265,-0.18391367144613469,-7.40482725003676,-4.291727499199624
21,64.29929482215084,960,16.0,59.1522216796875,3.689549099401241,False,True,False,-65.0,-5.8477783203125,False,2.0650832084356807e-06,3,2,59.341734470493975,8.000000417232513,1.4750001387437806,7.8159744997974485,-0.1802453982136285,-7.853304496591591,-4.299862744228449
22,64.27614495903254,960,16.0,59.844932556152344,3.7321750033297576,False,True,False,55.0,114.84493255615234,True,1.8762502804747783e-06,15,2,59.88932571420446,8.000000417232513,1.3116667900467291,7.579033531299501,-0.20727544072724413,-7.119665213999724,-5.17693896277342
23,65.9142110706307,960,16.0,60.81227111816406,3.7949086258537137,False,True,False,-55.0,5.8122711181640625,False,2.3191460059024394e-06,4,2,61.02838819788303,8.000000417232513,1.521666809800081,7.601160519989207,-0.17800415701640304,-7.909964108512213,-4.149034289599513
24,0.8628759169951081,31,0.5166666666666666,0.8404083251953125,1.6412373742749613,True,False,False,95.0,95.84040832519531,False,4.667708708439022e-08,19,2,0.8468099385499954,0.25000001303851604,0.0133333345875144,0.1749619126348989,-0.008290688754641451,-0.12560705200849043,-0.2883314943755977
25,63.71999651193619,960,16.0,59.70864486694336,3.7210028422569548,False,True,False,-45.0,14.70864486694336,False,2.1374235075199977e-06,5,2,59.837307299894746,8.000000417232513,1.588333482737653,7.961434107273817,-0.20543814738448418,-9.293494769866811,-4.168143740527739
26,78.20927580818534,960,16.0,72.54869079589844,4.5283350706207175,False,True,False,5.0,77.54869079589844,False,2.1931209630565718e-06,10,2,72.71295876579825,8.000000417232513,1.5016668079188094,7.979028495959938,-0.17484441176748078,-7.521290248449077,-4.288241825386649
27,66.52078580111265,960,16.0,62.33853530883789,3.885591038275743,False,True,False,-15.0,47.33853530883789,False,2.0816214600927196e-06,8,2,62.44401321443729,8.000000417232513,1.5100001420360059,7.812094545690343,-0.18994700282837584,-8.855542130710091,-4.199831303123574
28,78.42344800615683,960,16.0,74.5303955078125,4.6527773338612555,False,True,False,45.0,119.5303955078125,True,2.1304333586158464e-06,14,2,74.57305037701735,8.000000417232513,1.3016667891060933,6.871674125104846,-0.3739540906281036,-6.621942247002153,-5.327045234240359
29,0.5610632775351405,26,0.43333333333333335,0.27764415740966797,0.6666834216851455,True,False,False,15.0,15.277644157409668,False,9.322320693172514e-10,11,2,0.27623699605464935,0.20833334419876337,0.0100000009406358,0.19046016316860914,-0.002368400119848957,-0.04249100094602909,-0.07910782482940704
30,0.4356555659323931,23,0.3833333333333333,0.2797355651855469,0.7311460557191268,True,False,False,-35.0,-34.72026443481445,False,1.7083948478102684e-08,6,3,0.2783203227445483,0.18333334289491177,0.0100000009406358,0.17266389168798923,-0.0067090380762238055,-0.08607792772818357,-0.1158750094473362
31,78.7108726875158,960,16.0,73.33415985107422,4.57547263049831,False,True,False,15.0,88.33415985107422,False,2.226348442491144e-06,11,3,73.43177396219107,8.000000417232513,1.5283334770938382,7.921476684976369,-0.1665570186378318,-7.913164505021996,-4.090988103969721
32,68.88277246325742,960,16.0,63.68190002441406,3.9707089468380823,False,True,False,25.0,88.68190002441406,False,2.23724737224984e-06,12,3,63.77454701317038,8.000000417232513,1.5300001439172775,7.9804554814472795,-0.18799948006471823,-8.176818334090058,-4.0374105411078745
33,43.214293925091624,725,12.083333333333334,39.085899353027344,3.2279522092460557,True,False,False,65.0,104.08589935302734,True,1.5317864381358959e-06,16,3,39.19882997462264,6.033333647996187,1.0133334286510944,5.9032231089659035,-0.14086193027196714,-5.687999944560943,-3.105562828524853
34,64.76601950172335,896,14.933333333333334,60.48577880859375,4.044297186416641,True,False,False,45.0,105.48577880859375,True,2.187876816606149e-06,14,3,60.557815167703666,7.458333722315729,1.3850001302780584,7.465607554651797,-0.17378038473179913,-7.889693165103381,-4.037261335513904
35,71.74739471357316,960,16.0,74.90617370605469,4.680593107726114,False,True,False,85.0,159.9061737060547,True,1.0583316907286644e-06,18,3,74.96641010511667,8.000000417232513,0.4083333717426285,2.5841558942693155,-2.908147171317978,-2.944768798191035,-8.358588046947261
36,59.72953893896192,960,16.0,55.372920989990234,3.4492436463828198,False,True,False,-55.0,0.3729209899902344,False,1.9116960174869746e-06,4,3,55.37643470309558,8.000000417232513,1.5816668154438958,7.861493177944794,-0.20804196678000153,-8.6010209593951,-4.280991336883744
37,70.7574713116046,960,16.0,65.43585968017578,4.081037480129938,False,True,False,5.0,70.43585968017578,False,2.3010015866020694e-06,10,3,65.54420861598919,8.000000417232513,1.566666814032942,7.9878862402401865,-0.1844673421492189,-8.13240209405194,-4.024419038687483
38,65.26364473579451,960,16.0,60.150413513183594,3.7502488582666653,False,True,False,-45.0,15.150413513183594,False,2.2215701847017044e-06,5,3,60.212763010844355,8.000000417232513,1.5483334789751098,7.741913031437434,-0.19024956374573776,-7.832218767289305,-4.216894650089671
39,73.87564704567194,960,16.0,68.66404724121094,4.281850805102537,False,True,False,-65.0,3.6640472412109375,False,2.1747782739112154e-06,3,3,68.70228162570857,8.000000417232513,1.5650001472095028,7.969577252864838,-0.1773604030149727,-7.8435269743422396,-4.340322845207993
40,0.10226174734998494,13,0.21666666666666667,0.00731658935546875,0.0230403751707994,True,False,False,55.0,55.00731658935547,False,2.5938788894563913e-09,15,4,0.006054687932191882,0.10000000521540642,0.0050000004703179,0.1072552427649498,-0.0021357313999033067,-0.07278584456071258,-0.04112661047838628
41,68.3423110654112,960,16.0,64.3187026977539,4.009086618591876,False,True,False,-35.0,29.318702697753906,False,1.9947055989177898e-06,6,4,64.33105753571726,8.000000417232513,1.5300001439172775,7.984937740955502,-0.20167459893673367,-8.952397278495482,-4.349610900273547
42,77.14320928463712,851,14.183333333333334,71.34530639648438,5.022869197351882,True,False,False,35.0,106.34530639648438,True,2.271239281981252e-06,13,4,71.3360057551181,7.083333702757955,1.3566667942795902,7.083125191740692,-0.14621011369854386,-5.645437891977053,-3.9242718823443283
43,69.8699420952471,960,16.0,65.05070495605469,4.055057384667452,False,True,False,5.0,70.05070495605469,False,2.5215940695488825e-06,10,4,65.06204720912501,8.000000417232513,1.600000150501728,7.975673022679985,-0.1953473666926584,-8.424993762091617,-4.147435053913796
44,52.86846499564126,960,16.0,49.113521575927734,3.057482625562504,False,True,False,-75.0,-25.886478424072266,False,1.5909190551610664e-06,2,4,49.12539284215018,8.000000417232513,1.4116667994530872,7.8906807489693165,-0.20301162301711884,-9.063176483946336,-4.293086114281323
45,62.140515574254096,960,16.0,57.066192626953125,3.5615113739651862,False,True,False,-85.0,-27.933807373046875,False,2.083194885926787e-06,1,4,57.07409114215261,8.000000417232513,1.5866668159142137,7.544772255932912,-0.1778738005368723,-7.769012190423382,-4.118126982823014
46,78.97224723501131,960,16.0,72.80929565429688,4.542569671873935,False,True,False,15.0,87.80929565429688,False,2.147631676052697e-06,11,4,72.75638341589365,8.000000417232513,1.4966668074484915,7.957293858751655,-0.15436646414127608,-6.78673213005095,-4.296996522491099
47,65.41455066984054,960,16.0,61.16556930541992,3.814804713773386,False,True,False,-95.0,-33.83443069458008,False,2.098353434121236e-06,0,4,61.17682566016447,8.000000417232513,1.466666804626584,7.985734692774713,-0.19385748439162853,-8.956591962218226,-4.0642253599944524
48,71.13988745945971,960,16.0,66.26080322265625,4.133870126383651,False,True,False,-45.0,21.26080322265625,False,2.2898593670106493e-06,5,4,66.26608364193817,8.000000417232513,1.5516668126219884,7.891153852920979,-0.17917378414222185,-8.244071463981527,-4.145769727270817
49,9.073992090765387,140,2.3333333333333335,8.433647155761719,3.6167811168889914,True,False,False,95.0,103.43364715576172,True,2.9240800358820707e-07,19,4,8.445052454364486,1.1583333937451243,0.2133333534002304,1.1158503891783766,-0.026527358406383428,-1.1931781749153743,-0.6388716741930693
50,58.33447666186839,960,16.0,53.92333221435547,3.3637235222772386,False,True,False,-75.0,-21.07666778564453,False,1.971461642824579e-06,2,5,53.86054924601922,8.000000417232513,1.4900001401547343,7.993256472051144,-0.2022458976816779,-8.846831459974055,-3.96025028447184
51,-0.06384934904053807,76,1.2666666666666666,-0.08631038665771484,-0.06512480870955378,True,False,False,-15.0,-15.086310386657715,False,1.3642420526593924e-10,8,5,-0.09010416880482808,0.6250000325962901,0.0233333355281502,0.1927592770080082,-0.014422740596273798,-0.2768778486424708,-0.5235372362658381
52,0.13010690454393625,15,0.25,0.06197357177734375,0.24341052720944087,True,False,False,-95.0,-94.93802642822266,False,6.293703336268663e-09,0,5,0.06497396170743741,0.11666667275130749,0.0050000004703179,0.1215060125105083,-0.0016959664862952195,-0.10771181923337281,-0.06863195088226348
53,47.826538166962564,589,9.816666666666666,45.167335510253906,4.5967687073785095,True,False,False,75.0,120.1673355102539,True,9.939267329173163e-07,17,5,45.09218934553792,4.9000002555549145,0.7266667350195348,4.873530774377286,-0.20732619798036467,-3.804754293189035,-3.753767458430957
54,74.91089021973312,960,16.0,69.28132629394531,4.321299414001987,False,True,False,25.0,94.28132629394531,False,2.4069340724963695e-06,12,5,69.1495472858951,8.000000417232513,1.5733334813266993,7.986942417919636,-0.1725974375840451,-7.438272713829065,-4.188060824293643
55,64.47780568990856,960,16.0,59.45978546142578,3.7080730447613557,False,True,False,35.0,94.45978546142578,False,2.029892129939981e-06,13,5,59.31666920994758,8.000000417232513,1.600000150501728,7.980384996626526,-0.18584133139484038,-8.056120349036064,-4.177285374076746
56,35.19182219263166,434,7.233333333333333,32.75194549560547,4.520253177036956,True,False,False,45.0,77.75194549560547,False,1.0790745363919996e-06,14,5,32.696550917084096,3.6083335215225816,0.6933333985507488,3.562458818894811,-0.07975031056503212,-3.348912544446648,-1.9401905293343589
57,63.96213998505846,789,13.15,60.122833251953125,4.567531547883315,True,False,False,65.0,125.12283325195312,True,1.4453137282544049e-06,16,5,59.94284145473648,6.566667009145021,0.883333416422829,5.8302853735222016,-0.25762704222597677,-4.008010567755036,-4.995348213473335
58,65.56867768289521,960,16.0,60.75339889526367,3.788574008467064,False,True,False,-45.0,15.753398895263672,False,2.236653926956933e-06,5,5,60.70709904981777,8.000000417232513,1.5483334789751098,7.942796115297824,-0.18331544851844228,-8.368023562848975,-4.07821013040666
59,71.17491269181482,960,16.0,66.58253479003906,4.14984840255056,False,True,False,-35.0,31.582534790039062,False,2.3514094209531322e-06,6,5,66.52135707612615,8.000000417232513,1.555000146268867,7.971297692041844,-0.18110168295788753,-8.454699836474902,-4.23693876901234
60,26.610376505646855,425,7.083333333333333,24.734207153320312,3.4836631340445843,True,False,False,-55.0,-30.265792846679688,False,8.393781172344461e-07,4,6,24.707423044848838,3.5333335176110268,0.6183333914959803,3.3755651979736285,-0.09496696488531597,-3.359063739047997,-2.1702471029711887
61,76.19566232105717,960,16.0,70.7076416015625,4.4124555927628535,False,True,False,-75.0,-4.2923583984375,False,2.452981789247133e-06,2,6,70.59765934510506,8.000000417232513,1.5566668130923063,7.96344842389226,-0.16962962308025453,-7.5386816161480965,-4.213798986054826
62,59.27712747454643,960,16.0,54.971885681152344,3.427868700823941,False,True,False,45.0,99.97188568115234,False,1.7237789506907575e-06,14,6,54.87864828482998,8.000000417232513,1.4583334705093876,7.832144183572382,-0.19761759427365178,-8.459289758102386,-4.23508980544284
63,72.29861552128568,960,16.0,67.52473449707031,4.213945844038002,False,True,False,35.0,102.52473449707031,True,2.364091415074654e-06,13,6,67.4383494220674,8.000000417232513,1.5916668163845316,7.850632455665618,-0.1875590601357544,-8.10708393656023,-4.287388229276985
64,49.187709850026295,960,16.0,44.060523986816406,2.748428306710957,False,True,False,-95.0,-50.939476013183594,False,1.8229193301522173e-06,0,6,43.87064018525416,8.000000417232513,1.5766668149735779,7.36617093980567,-0.18376863623143436,-6.953954781391076,-4.488043266697787
65,65.99592941615265,960,16.0,60.27674865722656,3.7634272932650976,False,True,False,-75.0,-14.723251342773438,False,2.0520383259281516e-06,2,6,60.20364867997705,8.000000417232513,1.555000146268867,7.855578018818051,-0.17478789226879599,-7.068963436431659,-4.374544465405052
66,57.80545852240175,960,16.0,53.89735794067383,3.3593442072267257,False,True,False,-55.0,-1.1026420593261719,False,1.9368253560969606e-06,4,6,53.87428625370376,8.000000417232513,1.4300001345109195,7.963258983101696,-0.20794984440544795,-8.982078267072211,-4.272057217844122
67,64.32008656882681,960,16.0,58.91913604736328,3.6759693038999104,False,True,False,-5.0,53.91913604736328,False,2.024497007369064e-06,9,6,58.531122321553994,8.000000417232513,1.5616668135626242,7.960264047142118,-0.17697553040670755,-7.1779270777333295,-4.378062398027396
68,66.61753131891601,960,16.0,62.47819519042969,3.894844757396883,False,True,False,15.0,77.47819519042969,False,2.1105479390826076e-06,11,6,62.28060175705468,8.000000417232513,1.550000145798549,7.9820370599627495,-0.2058948000158125,-8.85502388534951,-4.134187265219225
69,58.25782447925303,960,16.0,54.093631744384766,3.372130484995432,False,True,False,-75.0,-20.906368255615234,False,2.1213309082668275e-06,2,6,53.99974207535706,8.000000417232513,1.5850001490907744,7.485655621527258,-0.1989169988592039,-8.294888232223457,-4.3187664315410075
70,61.09492186177522,960,16.0,56.81045913696289,3.540886804255812,False,True,False,-95.0,-38.18954086303711,False,1.9358076315256767e-06,0,7,56.70078387760441,8.000000417232513,1.5300001439172775,7.95974280172959,-0.2013333115946807,-8.664493896852946,-4.229776234453311
71,72.4853679027874,960,16.0,67.35198974609375,4.202857049484737,False,True,False,-95.0,-27.64801025390625,False,2.1956539058010094e-06,0,7,66.84446908708196,8.000000417232513,1.505000141565688,7.968022200278938,-0.1695202575328949,-7.679958893568255,-3.9826425966166425
72,44.14551626285538,614,10.233333333333333,41.443946838378906,4.043493243211922,True,False,False,65.0,106.4439468383789,True,1.2250338841113262e-06,16,7,41.40605648623023,5.108333599753678,0.9733334248885512,4.968323282064375,-0.11654039627410384,-5.406525984602922,-2.7874629241705406
73,66.15971096744761,960,16.0,61.14734649658203,3.816259363728265,False,True,False,-25.0,36.14734649658203,False,2.0224920262990054e-06,7,7,60.84277597999608,8.000000417232513,1.5366668112110347,7.930841783527285,-0.17476316947295345,-7.837930563518967,-4.137878269035355
74,71.09537292551249,960,16.0,66.13775634765625,4.123487330795615,False,True,False,-15.0,51.13775634765625,False,2.035778379649855e-06,8,7,65.7895211161158,8.000000417232513,1.5566668130923063,7.9568723551929,-0.18405861942119373,-7.913361133156286,-4.11026598776516
75,63.294607165735215,960,16.0,59.23657989501953,3.693069300725862,False,True,False,-65.0,-5.763420104980469,False,2.086846507154405e-06,3,7,58.96360947721405,8.000000417232513,1.450000136392191,7.889103416353464,-0.19121393434761558,-8.497008376318263,-4.319881883944618
76,8.852636981755495,133,2.216666666666667,8.471321105957031,3.827832671260475,True,False,False,95.0,103.47132110595703,True,2.18406057683751e-07,19,7,8.434635785757564,1.1000000573694706,0.2016666856361553,1.068989640334621,-0.031317563221819,-1.2974218477320392,-0.6239155579824001
77,68.90825927769765,958,15.966666666666667,70.12757873535156,4.389088124964223,True,False,False,65.0,135.12757873535156,True,1.4476136129815131e-06,16,7,69.59616192684916,7.975000415928662,0.933333421126008,3.761189079596079,-1.5200346079091105,-5.103780645158622,-6.733608865120914
78,19.625915621523745,304,5.066666666666666,18.440231323242188,3.635715582227261,True,False,False,85.0,103.44023132324219,True,6.286045390879735e-07,18,7,18.3112638632374,2.525000131689012,0.4466667086817324,2.5071227247826755,-0.06100803374829411,-2.7528408989164745,-1.350288245597767
79,74.52861458808184,960,16.0,69.801025390625,4.356133609536725,False,True,False,-15.0,54.801025390625,False,2.3963320927578025e-06,8,7,69.45319325424498,8.000000417232513,1.5433334785047919,7.990552115254104,-0.17189164476894803,-8.152056302271376,-4.1345143337821355
80,66.05042431387119,960,16.0,61.54185485839844,3.834243243057669,False,True,False,5.0,66.54185485839844,False,2.2002323021297343e-06,10,8,61.35775016367552,8.000000417232513,1.550000145798549,7.943633995950222,-0.20242050098295294,-8.238416433741804,-4.360121273828554
81,0.3151307152584195,15,0.25,0.27687835693359375,1.1100301345189412,True,False,False,-65.0,-64.7231216430664,False,8.127244655042887e-09,3,8,0.27552085276693106,0.11666667275130749,0.0066666672937572,0.12375473976135254,-0.004506994322582614,-0.13669022975955158,-0.06628098510554992
82,60.98525914608035,960,16.0,56.84645080566406,3.542659252733574,False,True,False,5.0,61.84645080566406,False,2.2052900021662936e-06,10,8,56.813739543111296,8.000000417232513,1.4816668060375378,7.84565406688489,-0.20753969918041548,-8.540301594213815,-4.407958188501652
83,63.53837940655649,960,16.0,58.343421936035156,3.637631526244998,False,True,False,-45.0,13.343421936035156,False,2.2571521185454912e-06,5,8,58.109442740140366,8.000000417232513,1.5900001495610923,7.809785254299641,-0.1766705134896256,-7.464137010079867,-4.330039373955515
84,19.45927128463518,273,4.55,18.380569458007812,4.034051329303438,True,False,False,85.0,103.38056945800781,True,4.602738954417873e-07,18,8,18.27799547975883,2.2666667848825455,0.3733333684504032,2.2166134115541354,-0.05588126673274019,-2.358465976882144,-1.2609900561219547
85,57.40083273733035,960,16.0,52.41579055786133,3.270889595736177,False,True,False,-85.0,-32.58420944213867,False,1.6519825294381008e-06,1,8,52.181382531140116,8.000000417232513,1.57166681450326,7.465650705154985,-0.1777472843768919,-7.210296978315455,-4.429821816025651
86,72.95764981675893,960,16.0,67.6729736328125,4.222432378970552,False,True,False,-85.0,-17.3270263671875,False,2.202856194344349e-06,1,8,67.23359683614399,8.000000417232513,1.5933334832079709,7.881288160569966,-0.1753665557171189,-7.289561593293911,-4.2856387285282835
87,0.9243105836212635,31,0.5166666666666666,0.7563133239746094,1.489355198798641,True,False,False,-25.0,-24.24368667602539,False,3.517743607517332e-08,7,8,0.7303385813720524,0.25000001303851604,0.0116666677640751,0.2583333468064666,-0.0054210735852393555,-0.09671391538722673,-0.2238930012099445
88,0.26231227116659284,33,0.55,-0.03550910949707031,-0.06704426336694848,True,False,False,-25.0,-25.03550910949707,False,6.425580068025738e-09,7,8,-0.017708334562485106,0.2666666805744171,0.0100000009406358,0.19959924380782468,-0.0013071107723590103,-0.03700899845716776,-0.1579292039386928
89,0.4551495732739568,17,0.2833333333333333,0.421051025390625,1.5006435969296623,True,False,False,-55.0,-54.578948974609375,False,1.816079020500183e-08,4,8,0.42376305162906647,0.13333334028720856,0.0066666672937572,0.11005616351030767,-0.00538448104634881,-0.12765950988978148,-0.08562564034946263
90,-5.260969860944897,960,16.0,0.148773193359375,0.010183315385308827,False,True,False,85.0,85.14877319335938,False,3.7552126741502434e-08,18,9,0.0978515679598786,8.000000417232513,1.5816668154438958,-7.826425378691056,-0.14795391257121082,-0.6634015708914376,-6.302707761875354
91,49.218152337591164,960,16.0,45.27391052246094,2.818234401466907,False,True,False,45.0,90.27391052246094,False,1.6271196727757342e-06,14,9,45.14251497309306,8.000000417232513,1.4616668041562662,7.890140030067414,-0.2148266415197213,-8.562851407084963,-4.4984902112337295
92,37.73076806368772,534,8.9,35.050376892089844,3.932787873129943,True,False,False,-45.0,-9.949623107910156,False,1.2108048395020887e-06,5,9,34.64290524774697,4.441666898317635,0.866666748188436,4.3336495398543775,-0.09549443266041635,-4.077917171212903,-2.3807075557415374
93,62.18604552419856,960,16.0,58.02955627441406,3.6166247170816255,False,True,False,15.0,73.02955627441406,False,2.0000406948383898e-06,11,9,57.70351822122757,8.000000417232513,1.4733334719203413,7.950189314316958,-0.19733547780288063,-8.443484138850181,-4.300174283805063
94,33.0663724396145,630,10.5,29.891204833984375,2.8356790310629303,True,False,False,75.0,104.89120483398438,True,1.2180717021692544e-06,17,9,29.78639458471298,5.241666940040886,0.9716667580651119,5.222893484402448,-0.13659591273244587,-5.1104614257928915,-2.9091907710098894
95,72.47283870074898,960,16.0,68.33391571044922,4.262258080990675,False,True,False,-25.0,43.33391571044922,False,2.4048986233538017e-06,7,9,68.02767224702984,8.000000417232513,1.550000145798549,7.970256328117102,-0.18672710297869344,-8.726580678136088,-4.161780251415621
96,68.21524116303772,925,15.416666666666666,63.88536834716797,4.134573357048873,True,False,False,25.0,88.88536834716797,False,2.1181340343900956e-06,12,9,63.41185172274709,7.700000401586294,1.3933334643952549,7.667204907629639,-0.17741766242670565,-7.699640624708991,-4.080088928050827
97,52.66770577128045,960,16.0,47.62023162841797,2.969510946605199,False,True,False,45.0,92.62023162841797,False,1.6793492250144482e-06,14,9,47.439650570217054,8.000000417232513,1.466666804626584,7.835205118637532,-0.18356071402376983,-7.865958422626136,-4.0242963234341005
98,0.4004842755384743,25,0.4166666666666667,0.28177642822265625,0.6901884150505065,True,False,False,55.0,55.281776428222656,False,3.1996023608371615e-09,15,9,0.27916668308898807,0.20000001043081284,0.0100000009406358,0.20833334419876337,-0.007328844307266991,-0.1279629234049935,-0.16172399860806763
99,63.97707155160606,784,13.066666666666666,59.954959869384766,4.581397315088127,True,False,False,-5.0,54.954959869384766,False,1.9109183995169587e-06,9,9,59.48743745035608,6.525000340305269,1.2466667839325964,6.5321697955951095,-0.13823298474289913,-6.27428812715516,-3.4016797957665403
