iteration,mean_reward
0,-3.3843429630994795
1,-5.458006358146667
2,-6.498216036856174
3,-8.731259015500546
4,-9.841480038762093
5,-9.72747637361288
6,-12.121301818937063
7,-12.136586735993625
8,-9.813866442143917
9,-11.775286193490029
10,-11.989744768105448
11,-13.688029101863503
12,-11.602083036154509
13,-10.83737826069817
14,-11.24684190429747
15,-12.971517915073782
16,-13.834349208604545
17,-10.900262301955372
18,-10.621650732345879
19,-13.699400654137134
20,-11.770251195020974
21,-17.463865781649947
22,-14.210393887385726
23,-15.199432196989655
24,-14.20347018139437
25,-18.407575293555855
26,-14.0321625174582
27,-16.762515878928824
28,-18.247220081742853
29,-23.40881247429177
30,-21.49446330718696
31,-25.938313605599106
32,-21.880842884127052
33,-18.695468145683407
34,-19.31457839291543
35,-13.152673777695746
36,-12.580624672025442
37,-10.963707124814391
38,-9.968847850169986
39,-7.582028083801269
40,-6.271599366664886
41,-5.9266699861176315
42,-3.6564213271439074
43,-4.323076320327818
44,-2.640629407982342
45,-2.0983601266890766
46,-1.6806935565918684
47,-1.6060572403110565
48,-1.3460858362726866
49,-0.10169816587120295
50,-1.9389187968894839
51,0.2718964378349483
52,-0.008326803706586361
53,0.5870973025588319
54,1.3388221240602434
55,0.6820339496061206
56,1.3046580166742205
57,0.3363046826608479
58,2.0893805822823195
59,2.7552262612525373
60,3.1640828977525235
61,4.188450277363882
62,5.210002797376364
63,6.2099920144677165
64,5.675412495657802
65,4.678896499625407
66,8.592647588495165
67,9.212618182078003
68,7.142103329077363
69,8.556909896899015
70,9.344444876499473
71,10.732791130840779
72,11.037791582113131
73,11.630205264324323
74,11.169971150159835
75,11.997329087406397
76,15.71923778153956
77,17.039666681275705
78,16.467621754854918
79,20.23506053008139
80,16.275422499710693
81,18.93909170821309
82,16.60789849226363
83,17.68366216702387
84,16.483153882324697
85,15.805634506363422
86,14.209099480509758
87,13.76415008533746
88,17.386242721937595
89,17.68552824866958
90,22.220775405727327
91,28.665807199180126
92,30.233084726873784
93,30.11746069535613
94,33.61049905627966
95,25.9835794435814
96,31.290903341323137
97,30.398274780260397
98,29.357058989722283
99,32.00542819414288
100,34.95544441148639
101,37.034942764928566
102,30.510888159647585
103,35.933597424849864
104,31.920915757492185
105,31.51640363562852
106,32.27057640530634
107,34.49169969115406
108,33.328705416694284
109,34.886616554395296
110,32.45070683293044
111,33.717653756106735
112,38.7107562878076
113,31.587332907253877
114,36.10040414515883
115,29.588763616234065
116,27.74014654735103
117,25.980957858338954
118,26.840021190196275
119,29.726949480995536
120,29.426590910907834
121,42.524870468974115
122,45.44998422121629
123,46.655109254159036
124,50.216684531010685
125,36.22006952228025
126,41.05514800816774
127,43.907965997289864
128,39.978318998627365
129,35.667390084266664
130,46.19470594677143
131,44.785177219696344
132,40.33036751579493
133,40.3750675778091
134,36.416658000778405
135,36.18177269017324
136,44.47879572167992
137,44.716445584949106
138,45.932515526227654
139,50.729650060301644
140,42.215798452924936
141,47.260162553265694
142,44.24646725775674
143,44.84518395245075
144,45.91069219075143
145,39.22244921207428
146,38.289212018735704
147,32.186201410256324
148,52.278174575157465
149,40.65493851229549
150,47.9699328429997
151,56.93527198940515
152,45.50246910404414
153,51.33552057251334
154,51.10847662542015
155,43.40880535274744
156,51.130843936949965
157,49.7348921059072
158,41.967291759699584
159,37.66177285879851
160,39.00601584739983
161,44.54362899314612
162,47.032425603475424
163,36.875605528410524
164,41.324033424337394
165,46.27452876586467
166,54.59748895240948
167,50.307801096364855
168,51.691198621355
169,55.47103751111776
170,41.3001479549706
171,44.810477844327686
172,49.82542687106878
173,52.32043431282043
174,48.59964834179729
175,41.896415379084644
176,39.411334816925226
177,42.27621214303421
178,52.62060430709273
179,42.8341756016016
180,52.83424350302666
181,50.65840086877346
182,51.03726546468213
183,52.925543779730795
184,57.91232234597206
185,55.985846953094004
186,45.26561420805752
187,62.46950438246131
188,48.89189945517108
189,49.868479857742784
190,59.48474916346371
191,61.75378733787686
192,58.89458471836522
193,54.523007782511414
194,57.29208586171269
195,49.48402601636946
196,59.934938180791214
197,50.5497127388604
198,57.62482675164938
199,64.73430465594865
200,48.85940896093845
201,51.97536462172866
202,58.7515644700476
203,55.651276422096416
204,56.807414319254455
205,50.8411516533792
206,56.42472449452616
207,49.82983119327575
208,53.06083612555638
209,54.56332028787583
210,69.51944479763507
211,51.61231272535399
212,62.96053269162774
213,67.49527061697096
214,71.00963937856257
215,57.03555378124118
216,63.36908006161451
217,73.77917082902044
218,71.56258778624236
219,52.11117535665631
220,62.14176318587735
221,51.73984613689594
222,61.64395511321723
223,65.32134624890983
224,67.50414085803554
225,54.27489381996915
226,65.39754758730531
227,66.98506457746029
228,61.47459466226399
229,69.59821740575134
230,64.10432859390974
231,59.52274674948305
232,58.49668561719358
233,70.06757687073201
234,63.69977992556989
235,68.2483875913918
236,45.72658066349104
237,50.97468731407076
238,57.12315244119614
239,64.8645206455607
240,67.80640589024871
241,67.32316276200116
242,76.95325910069049
243,68.8116867814865
244,72.90187872345093
245,65.22716555722057
246,61.53675912151113
247,72.30351442478597
248,70.0989100642316
249,57.12370798224583
250,65.77237822247669
251,73.00981107688509
252,58.54039720164612
253,67.79599746271968
254,65.23627011375501
255,64.01798080906272
256,61.433440659940246
257,74.86858688885346
258,67.37567689739167
259,76.13941549040378
260,77.45643593540416
261,66.94312519635073
262,66.86276312338188
263,73.46656330108642
264,63.591061890497805
265,71.88360324859154
266,65.98690901882946
267,49.23534763197414
268,64.46745859345421
269,54.22564185597934
270,72.63121056631208
271,59.056763175330126
272,72.11762547530233
273,75.05233455564827
274,73.83685662886128
275,73.19106093984097
276,66.0875586864911
277,72.13162198696286
278,66.6987350397557
279,66.70695300527848
280,82.15705045316368
281,67.10830622389912
282,66.00354407800361
283,63.132726406473665
284,78.6005453170836
285,61.056505522057414
286,67.15630781888962
287,63.97695325773209
288,71.15234405696393
289,58.97640080355108
290,64.3975374443829
291,68.0304647596553
292,72.90314149927347
293,73.7625935254246
294,63.45946739718318
295,64.22865200148895
296,53.40996356193907
297,62.961450978722425
298,79.79961795102805
299,69.91806799180806
300,72.11007334150374
301,61.97805758263916
302,65.55949328063056
303,69.79823058141396
304,74.26608224660158
305,75.58858227431774
306,70.81769546017051
307,69.42978823196142
308,72.35657061230391
309,66.78023119267077
310,58.95641039583832
311,70.6329005454108
312,76.44043782193214
313,67.39014584682882
314,76.01627024203539
315,71.44028812564909
316,59.39469235165045
317,72.05702685303055
318,77.08212784379721
319,80.20828178346157
320,73.00409342974424
321,67.0508626639843
322,70.06479157555849
323,65.01705755811184
324,63.995037451656536
325,66.18312539890408
326,66.96375425390899
327,71.58659667963163
328,66.29150724429637
329,57.06831765651703
330,75.02204561591148
331,63.8848430422321
332,78.19527542851866
333,79.25170598266646
334,65.4933916206751
335,79.55159130800516
336,66.43390032298863
337,72.88374770119786
338,83.59601467404515
339,69.46244125413709
340,82.51159613639116
341,71.3980560160987
342,84.61037835605443
343,72.22052131611854
344,84.19692167587579
345,73.69195640115998
346,75.32188824519515
347,73.21691988117993
348,79.4305194056034
349,87.60109750263393
350,82.42972368236632
351,76.31469941447023
352,66.72671799987555
353,76.03532921126113
354,73.64693620147183
355,68.03785916866735
356,66.34998377535493
357,61.29103134166449
358,64.90621935065836
359,67.2069093979895
360,78.34417040053755
361,80.2285737383552
362,73.67998560514302
363,93.36806269958615
364,68.194181699045
365,71.60467332951724
366,74.7022335381806
367,81.52780127793551
368,76.72806752763688
369,71.78746850296855
370,83.88698174670338
371,76.98931436650454
372,76.59675895132125
373,71.2788532819599
374,74.59296496508642
375,79.76385841347278
376,77.17278599647805
377,71.9504981924966
378,79.25694883877412
379,73.26889817703515
380,75.87787333914544
381,78.19001210376621
382,76.95360819626599
383,86.05161038041115
384,78.97617092967033
385,73.911175705567
386,80.05437695994974
387,71.98824888761155
388,79.66211232194676
389,69.31748104689643
390,72.16785148378462
391,65.62663126828149
392,72.32089552893304
393,82.9003607777506
394,70.97976873242297
395,68.80061546828598
396,73.98825630426407
397,88.01330909871962
398,81.3286242826283
399,77.00983788259327
400,78.38643698759377
401,86.48802160866559
402,83.52388909890317
403,71.70556473270058
404,86.90291404768824
405,77.98945780567824
406,70.71819995295256
407,79.6578447337076
408,72.2371201377362
409,88.16195347551256
410,86.46470445692539
411,77.63221857115626
412,69.96410351850092
413,74.4520264856331
414,75.29048237543553
415,76.31056540079415
416,73.22687406122685
417,73.36940682820976
418,77.19935015887022
419,67.95583906672896
420,89.241161409989
421,87.52939424023032
422,81.83562758129091
423,80.21085960973055
424,85.4979940982163
425,87.06060611724854
426,73.60995970413089
427,83.1688198748231
428,88.60038631800562
429,86.591434289366
430,86.88987790988759
431,80.54145481782966
432,82.78277068946511
433,77.35863828025758
434,75.20002872869372
435,78.12798051008954
436,76.33782671988942
437,71.18051351044328
438,75.9349212988466
439,78.72659317553044
440,69.67190905600786
441,63.425789099037644
442,74.94538669813424
443,75.87186115294695
444,64.844884944316
445,78.21497017256915
446,74.87209759298712
447,77.10212956555188
448,73.29986347820609
449,72.08161184050142
450,76.97195454657077
451,88.35800022237002
452,86.04639458552003
453,87.87517101235687
454,93.99599014297128
455,74.8020586565137
456,79.4723156486079
457,92.64353923674673
458,89.35931318509392
459,89.57535561196507
460,88.47167464985512
461,84.96288332749158
462,83.60377418510616
463,75.45821933455765
464,79.32255105856807
465,78.04653090439737
466,84.14093398693949
467,76.76333752651699
468,77.58712163381279
469,89.79962198687717
470,84.9948061266169
471,87.87941502997651
472,88.58252951893955
473,80.12311534495093
474,87.33501348011195
475,90.9211337309517
476,69.65477190607227
477,72.3910616678372
478,78.08050381913782
479,80.38595183836296
480,87.86153112608939
481,86.1765555344522
482,95.81109811142088
483,91.4567779353261
484,93.29455497829244
485,77.65025474015623
486,82.56937503637747
487,99.3418804492429
488,94.91742407318205
489,79.77472364474087
490,87.56621530264616
491,74.40357254814357
492,74.5374088608101
493,78.73685900613665
494,82.01114663247019
495,75.05753535181285
496,78.8340243285941
497,80.78119096712442
498,69.17480331990868
499,89.55685459278524
500,72.0573118212074
501,80.67899542337284
502,96.77659916453064
503,69.01854322042317
504,81.64079266130925
505,84.20783394068945
506,87.27853228179738
507,79.70884459000081
508,80.05096394255757
509,72.2510869118385
510,82.96878770217299
511,87.09174801396206
512,91.56247668072581
513,89.5623794016987
514,88.69665781997145
515,79.50406942456961
516,66.53559566520154
517,90.69740987619384
518,89.05104646541179
519,79.59746422352269
520,84.62364889927208
521,78.49604979420081
522,91.06305098690092
523,73.788995658895
524,73.10252811642364
525,63.49026718862355
526,84.0863120482862
527,89.67544712169096
528,83.61446985641494
529,81.5106340073049
530,74.69845023044385
531,82.1618758495152
532,95.80511371139437
533,77.16045323241502
534,81.62444462219253
535,89.60196382051333
536,76.51770343948155
537,71.962804229334
538,76.13114211402834
539,81.75399196572602
540,83.41180795058608
541,68.88554084761068
542,85.42836605362594
543,91.59705651948228
544,95.21907963247969
545,86.02294021338224
546,67.03020877830684
547,88.51174480636604
548,92.20523505143821
549,84.85409092675894
550,81.06842232885771
551,77.43764942121692
552,98.27395229756831
553,84.97696383861825
554,73.62697224428877
555,76.95817333610728
556,73.9179863928631
557,85.63250031813979
558,87.27441035842057
559,84.71849921615794
560,69.80923224302009
561,82.56176140902564
562,84.57143932538106
563,77.89839333679527
564,78.84320607826113
565,87.28015498757362
566,72.6556780295819
567,78.7715481543541
568,74.53342475697632
569,85.7122645573318
570,90.39198970722035
571,89.05691281780601
572,89.19351350642741
573,86.98643541042694
574,86.48953330766409
575,76.1220737658441
576,85.0607351706177
577,91.7773569221422
578,94.72710272643715
579,78.28970193095505
580,83.72018563978374
581,80.50700827679597
582,91.85401465408503
583,79.35473871909082
584,81.88131942235864
585,81.20758556522429
586,96.8819217807427
587,85.5772426788509
588,79.12389955669641
589,84.00896497353911
590,95.67862267456948
591,92.14286545814946
592,85.64524427186697
593,76.37929327003658
594,83.19157413639128
595,85.13051722861826
596,66.38451465014369
597,70.83770174920559
598,79.9091195368953
599,84.60909297153354
600,66.45092237735167
601,75.95756838604808
602,82.16024212751537
603,84.17595229737461
604,77.62109019987285
605,72.94280398774892
606,65.4110984955728
607,81.63549105092883
608,84.97376703823916
609,70.18577024772763
610,76.56571430126205
611,82.82345150381326
612,94.40148040030152
613,77.13796958766878
614,77.50507604414597
615,73.58893352486193
616,84.37937940530479
617,88.86989510389044
618,82.82735026612878
619,87.29728264727629
620,79.27882231101394
621,95.67960408955813
622,79.49536139898002
623,80.5362504094094
624,76.68596261877566
625,91.1823185531795
626,58.06451785556972
627,78.88617217291147
628,64.61643747787923
629,83.62386568205432
630,87.75335600577294
631,78.47153517374768
632,91.85472461305558
633,83.59910288926214
634,96.3601696943771
635,74.30130342731252
636,84.28669974952936
637,86.0088975905627
638,91.86469458520412
639,86.72262139927597
640,91.39397305028513
641,88.09802796978504
642,70.71057856090367
643,71.65873173279688
644,88.61365650579333
645,76.05445335566998
646,60.00390749663114
647,68.9402709157765
648,72.45824763027952
649,78.54262467887253
650,79.67563887888565
651,69.14133775811642
652,76.63260527436621
653,74.85123442135752
654,79.18652210950852
655,78.79204583261162
656,71.36345612268894
657,76.54899112537504
658,71.35314302442595
659,78.28909541085362
660,78.7145790964365
661,68.2795512406528
662,83.04824045538902
663,89.43763019531966
664,76.22942402703687
665,72.31941876880825
666,72.45737453069538
667,87.27482264697552
668,94.3157073525153
669,75.45266288220883
670,82.30080232363194
671,83.8466097587347
672,86.31853689111769
673,80.5882951606065
674,79.77169738793745
675,76.68033066414297
676,75.912870753631
677,90.00795242961496
678,80.19986958052964
679,92.93585720927454
680,79.22406409457327
681,86.88248848849908
682,82.71079538352788
683,76.26267126599326
684,83.46212422981858
685,93.34000418026
686,88.26337119897828
687,80.82779021802358
688,69.37339498400688
689,94.74042910307645
690,72.86510451622307
691,80.53621635557153
692,80.46688515882938
693,89.3993095413223
694,90.92194381043315
695,88.65889444220811
696,67.65404877394438
697,85.7480292114988
698,84.21632808495313
699,78.95122425146401
700,83.96544031646103
701,82.93782376430929
702,87.49877567499875
703,86.39339333809912
704,95.89883813247084
705,59.99924490140751
706,72.84986850215122
707,71.01228550549597
708,77.27065333947539
709,79.7361860857904
710,87.69807028146461
711,76.20309825993144
712,77.92720359556377
713,82.47553918275051
714,82.09676787856034
715,89.41394845381379
716,68.73623017281294
717,76.51136050000787
718,63.321590381888676
719,78.42022330590524
720,89.7596656243503
721,78.47101412598043
722,79.37834334150888
723,102.95965182878076
724,82.80320984534919
725,71.37226091876626
726,68.76881764464547
727,92.76602320924401
728,91.14485977750272
729,63.65351000320166
730,79.23749929845333
731,88.59282627596055
732,73.0282043646276
733,76.29118808936327
734,80.231124919625
735,82.87583770044148
736,79.57925369834527
737,85.36617712147535
738,82.31848231932149
739,80.93298743091523
740,81.90432549823076
741,84.9116478022933
742,81.71327563755214
743,76.51179143324494
744,75.80092062099837
745,84.11087998330594
746,78.68670878648759
747,78.8746876647044
748,54.66929825451225
749,71.38399314314127
750,82.93676721980795
751,88.8123789037764
752,85.17914670437574
753,77.63929628523067
754,87.64641247402876
755,80.82029618924484
756,73.97240522097796
757,90.38490055238827
758,95.3973022031039
759,88.45490014925599
760,79.72613594688475
761,85.76830922519788
762,79.43262024722993
763,91.65111954323947
764,72.74185168925673
765,71.53736198656262
766,80.55807627370581
767,72.39336962908506
768,84.02649217965082
769,78.25097428239881
770,81.16930565718562
771,80.72947127658874
772,100.26084146920591
773,77.08883860280737
774,75.2104200493265
775,81.41750613324344
776,80.24346948094666
777,82.38110510355327
778,77.05036040507257
779,76.81607839338481
780,81.00453598920257
781,79.54046675151214
782,88.03020012006164
783,86.488853944242
784,95.04745145715773
785,88.24525064364076
786,78.77498250421137
787,96.85987820588052
788,107.44476940799504
789,80.08773365426343
790,88.26709759257734
791,102.93647125035524
792,74.12016733393074
793,84.2072931689769
794,87.72519187733997
795,69.9629558227025
796,68.05331678506919
797,80.36773288998752
798,81.57499538812786
799,85.06032362513244
800,74.4021987478435
801,90.1946631946601
802,91.83190092097968
803,75.72263645606115
804,73.53466530390084
805,64.53681703969836
806,70.71538750834763
807,77.51549386231228
808,67.47133032475598
809,84.4231918265298
810,82.8924260136485
811,70.25136492025108
812,82.5691677108407
813,95.9998902039975
814,90.74178027905523
815,81.58477657526731
816,78.63737148138695
817,81.94116383336484
818,93.68793345236219
819,90.1608963987045
820,76.77467188354582
821,82.64471236141398
822,82.9836441233009
823,78.6092498319596
824,72.67323791611939
825,67.11187769815325
826,73.11304131127893
827,83.90803616505116
828,82.45259586006404
829,89.30248482510447
830,71.84307007554918
831,87.13403872315772
832,83.31981463953852
833,89.01756045088172
834,83.27341200951487
835,85.40069943864131
836,82.5821213696897
837,86.67067959994078
838,73.88430973500013
839,72.82142626829446
840,68.28348456030712
841,77.39538371291012
842,75.72019069030881
843,82.3016129861772
844,88.41020841628313
845,90.161771389395
846,81.54245549879968
847,78.3611933748424
848,90.35453206419945
849,74.88048815428745
850,71.77844185959547
851,85.45226949968375
852,82.2677445896715
853,81.40465198734775
854,76.67955892179161
855,63.90357776042074
856,76.81724209653214
857,79.71453936696052
858,74.23875403214247
859,91.7878791567497
860,82.04353633513674
861,78.71195196207613
862,95.3302748124674
863,73.94063983111643
864,81.78786286890507
865,70.69661607068032
866,75.93800943243318
867,97.12640246428549
868,76.19655250012875
869,78.76717698410154
870,80.12654568366706
871,89.06226998655126
872,92.72228264803067
873,90.38458271756768
874,81.62500930182635
875,85.25406512856483
876,72.10681869078428
877,79.75085430702194
878,80.64482309781015
879,80.05627442054451
880,69.38987430116161
881,83.72410190323367
882,83.89776155769825
883,76.02384051285684
884,73.72738418266177
885,57.034683433137836
886,87.93009597308934
887,68.63981981098652
888,93.09073702350258
889,77.43541628487408
890,82.68117081756704
891,92.28084853392095
892,97.75405450243503
893,66.27373612526804
894,80.49035576689988
895,72.64492195950821
896,73.05710224760696
897,72.6113571139332
898,74.9631386197824
899,75.12853154957294
900,77.8151729848329
901,70.11372456356884
902,84.83162170756609
903,93.02225206822158
904,86.07643312767148
905,86.60259579479694
906,76.0893056164682
907,78.78135004118084
908,95.23681925654411
909,79.51347834736109
910,93.63112121349201
911,75.42595578745008
912,80.33473644919694
913,81.23449074789882
914,79.17359937369824
915,73.03429762974382
916,89.11841574016958
917,73.15534845203162
918,74.88485283270478
919,92.08255799029023
920,83.01339339438826
921,93.03744808472693
922,86.30494539001957
923,90.84611034847796
924,85.55861046463251
925,80.55389639604837
926,70.31570159859956
927,78.96127384398133
928,72.64442202531733
929,78.92317358527333
930,84.65345917238854
931,79.90264583840967
932,85.41672811321914
933,85.6151100960141
934,88.5662706180662
935,80.11818765949458
936,73.37774860138073
937,78.22289899442345
938,88.6586855686456
939,83.04574800260364
940,72.04580113679171
941,77.4372420604527
942,79.88976640550885
943,79.33847906380892
944,82.95903786056675
945,75.15412501731888
946,84.04014275857247
947,80.41874187335372
948,78.24134520314634
949,78.4345409809053
950,75.73678080895915
951,92.792541760616
952,78.70291207282804
953,82.51580016318708
954,83.86059316094965
955,74.9514596952498
956,67.67338040323928
957,79.89404811158776
958,82.47171198975295
959,83.99159434963018
960,85.16261372424663
961,72.09497873090207
962,80.26661029421724
963,88.25740978367627
964,82.41291361242533
965,75.64750019682572
966,75.65346623183694
967,89.3810559745878
968,90.33576321043074
969,90.97747371479869
970,80.03537938967347
971,87.86098623206838
972,100.55182602658869
973,69.7256788656488
974,79.74228895934765
975,74.9310057997331
976,70.20454255118966
977,82.13169188842177
978,80.90384561628103
979,82.08633553583175
980,75.09530589628964
981,85.92793144656345
982,102.36683515518904
983,84.91263047404587
984,72.91565367877483
985,80.22093399328179
986,76.55956123448908
987,97.42246973350645
988,83.45787079437636
989,88.8969492647145
990,77.2183802074194
991,85.96693144638091
992,98.2194241759181
993,87.30484534025192
994,73.41254370115698
995,92.82398299003951
996,76.31966319575906
997,78.08482256807388
998,90.66161131042055
999,76.49374238980934
