env_id,episode_return,episode_steps,episode_duration,forward_displacement,mean_forward_velocity,fall,timeout,other,reward_identity_residual,terrain_row,terrain_column,reward_progress,reward_alive,reward_upright,reward_move_to_target,reward_action_l2,reward_energy,reward_joint_pos_limits
0,48.50881607434712,817,13.616666666666667,54.60502624511719,4.0004330206356915,True,False,False,7.062226359266788e-07,14,0,53.40573164093075,6.800000354647636,0.7783334065461531,3.6374611651554005,-3.8614226378958847,-5.983856791179278,-6.267430357635021
1,83.74113653122913,960,16.0,81.85562896728516,5.099844156958473,False,True,False,1.2291857274249196e-06,3,0,81.84590212552575,8.000000417232513,1.5916668163845316,7.077119905978179,-0.212936759362492,-10.563322364905616,-3.9972923804380116
2,89.4479740819661,960,16.0,87.38555908203125,5.444939119291181,False,True,False,4.0273334889207035e-07,8,0,87.0390011962445,8.000000417232513,1.5633334803860635,7.526813786593266,-0.18944319225374784,-10.743080931948498,-3.748650271554652
3,81.21055573620833,960,16.0,79.31227111816406,4.9418352997551365,False,True,False,1.1834158613055479e-06,10,0,79.0566442834679,8.000000417232513,1.5200001429766417,7.39773953310214,-0.2069756696623699,-10.675871082734375,-3.880980704758258
4,62.20918659702875,868,14.466666666666667,61.11183166503906,4.207522076069622,True,False,False,1.600525138201192e-06,4,0,60.7065783359576,7.225000376813114,1.4033334653358907,6.962409542873502,-0.22248441783813178,-10.343251637656067,-3.5223974679320236
5,82.41549545782618,810,13.5,81.67875671386719,6.0348910232385,True,False,False,1.327434802078642e-07,10,0,81.15286814415595,6.741667018271983,1.3083334563998505,6.34103343449533,-0.26209523925444955,-9.120666690709186,-3.7456447982767713
6,0.5450386153534055,16,0.26666666666666666,0.48781681060791016,1.8302294984459877,True,False,False,1.127773430198431e-09,11,0,0.4980468861758709,0.12500000651925802,0.0050000004703179,0.13333334028720856,-0.0032632201073283795,-0.10248608825713745,-0.1105923108625575
7,84.0338443601504,960,16.0,83.1585464477539,5.180591542145703,False,True,False,1.0805961210280657e-06,4,0,82.80052475514822,8.000000417232513,1.4583334705093876,7.62609152123332,-0.23073434791695036,-11.69194726551541,-3.9284231099445606
8,40.748369082575664,771,12.85,54.41969299316406,4.229193100369935,True,False,False,8.851839083945379e-07,19,0,53.95286680897698,6.416667001321912,0.4200000395067036,0.7161364023904753,-7.6587341119520715,-5.729879223377793,-7.368686949106632
9,90.56147406529635,960,16.0,88.2321548461914,5.4977540185131755,False,True,False,3.839522833004594e-08,9,0,87.83854529142263,8.000000417232513,1.4983334742719308,7.811159239616245,-0.20473567123735847,-10.403511374512163,-3.9783172731022205
10,86.94150534784421,960,16.0,84.96824645996094,5.29412552814465,False,True,False,8.307197276735678e-07,10,1,84.51211314066313,8.000000417232513,1.4866668065078557,7.922275934834033,-0.20967037997797888,-10.779160757443606,-3.990718983252009
11,88.84742313437164,960,16.0,86.97286224365234,5.42124281511254,False,True,False,1.290389263886027e-06,9,1,86.79284244927112,8.000000417232513,1.583333482267335,7.749176497221924,-0.21684118580924405,-11.230316202578251,-3.8307710328444955
12,80.27423796919174,960,16.0,77.1146240234375,4.80582464443675,False,True,False,1.7363727238262072e-06,10,1,76.94316749554127,8.000000417232513,1.5850001490907744,7.920063212048262,-0.19601584878910217,-10.341698368352809,-3.636277351206445
13,88.3291434023995,960,16.0,85.98936462402344,5.355862406703333,False,True,False,5.659367161570117e-07,3,1,85.65924854512559,8.000000417232513,1.5316668107407168,7.731882452499121,-0.2098708557041391,-10.481946914354921,-3.9018364872026723
14,0.947732912376523,34,0.5666666666666667,0.74578857421875,1.3168228584177353,True,False,False,1.1696101864799857e-08,13,1,0.7403646130114794,0.27500001434236765,0.0100000009406358,0.2833333481103182,-0.004286580457119271,-0.1021481317911821,-0.25453034008387476
15,85.99337364919484,960,16.0,91.47987365722656,5.709991410630755,False,True,False,5.813699317513965e-07,15,1,91.03255629890191,8.000000417232513,1.0616667665308341,3.987615060294047,-3.1696560130521902,-8.119856143450306,-6.798952155892039
16,77.95039518305566,960,16.0,76.82315063476562,4.78576933372727,False,True,False,1.6120896475513291e-06,7,1,76.75996407603088,8.000000417232513,1.5916668163845316,7.417198808743706,-0.23209989817587484,-11.8810041724646,-3.70532925260585
17,64.26599414739758,687,11.45,62.901039123535156,5.481175570541334,True,False,False,2.6504130801185966e-07,15,1,62.49043269874528,5.716666964814067,0.9550000898307189,5.401413250248879,-0.7915452864181134,-5.743949490992236,-3.7620238137897104
18,2.894362134858966,68,1.1333333333333333,2.542003631591797,2.247700273990631,True,False,False,9.444192983210087e-08,13,1,2.535742297768593,0.5583333624526858,0.0300000028219074,0.5320072337053716,-0.010270484795910306,-0.09653178021835629,-0.6549184024333954
19,93.60270586854313,960,16.0,91.31468963623047,5.689408374242096,False,True,False,7.512908268836327e-07,9,1,91.2179079754278,8.000000417232513,1.5783334817970172,7.664598556468263,-0.20018100473953382,-10.854295437973633,-3.803657368378481
20,81.00100765447132,960,16.0,78.14117431640625,4.869024950802365,False,True,False,1.741896994644776e-06,10,2,77.6759149088175,8.000000417232513,1.5516668126219884,7.726259370800108,-0.1961744041509519,-10.004658354584535,-3.7519993543683086
21,92.37679503741674,960,16.0,89.84971618652344,5.598675059552382,False,True,False,7.178377927630208e-07,3,2,89.31758217478637,8.000000417232513,1.566666814032942,7.784695241600275,-0.19940254924676992,-10.144230589728977,-3.948515753421816
22,58.473896546056494,929,15.483333333333333,59.1944580078125,3.8071988517683164,True,False,False,9.881414371193387e-07,15,2,59.15202077606227,7.733333736658096,1.1450001077027991,5.755142586923284,-1.5538512416951562,-8.53217585296079,-5.225572578492574
23,87.71513687679544,960,16.0,85.43926239013672,5.325471549713984,False,True,False,1.4713350537931547e-06,4,2,84.90605828067055,8.000000417232513,1.521666809800081,7.6158175421878695,-0.19721396831482707,-9.9715482995216,-4.159642433924091
24,0.8007949721068144,28,0.4666666666666667,0.6864700317382812,1.5036742346627372,True,False,False,6.459231371991336e-09,19,2,0.6812500320374966,0.22500001173466444,0.0083333341171965,0.18269232928287238,-0.004362446883533266,-0.1344760401552776,-0.15764224156737328
25,70.57957511476707,960,16.0,69.43543243408203,4.328852418080593,False,True,False,2.2820800040790346e-06,5,2,69.1657584287459,8.000000417232513,1.566666814032942,7.18546260339599,-0.2309361047391576,-11.240599724158528,-3.866775037662592
26,89.45802047965117,960,16.0,87.41191864013672,5.447247252442564,False,True,False,9.765381037141196e-07,10,2,86.8413450717926,8.000000417232513,1.5700001476798207,7.669382157968357,-0.20857476658875385,-10.573212765317294,-3.8409188065779745
27,86.93079954641871,960,16.0,86.06150817871094,5.3604899442289025,False,True,False,9.556060831528157e-07,8,2,85.78906651056604,8.000000417232513,1.5600001467391849,7.706965507939458,-0.23342883026998607,-11.958491624041926,-3.933311626140494
28,59.75796718825586,681,11.35,58.451942443847656,5.131723592164495,True,False,False,1.0576195563771762e-06,14,2,58.28932552112383,5.666666962206364,1.1066667707636952,5.455730102490634,-0.2078150264269425,-7.82582431800256,-2.7267817662796006
29,0.10856339451856911,90,1.5,0.2869453430175781,0.1807759919203818,True,False,False,1.6116246115416288e-09,11,2,0.35839845272130333,0.7416667053475976,0.0150000014109537,-0.04300322734343354,-0.030222422614315292,-0.27807366758497665,-0.6552024458069354
30,0.49452081182971597,30,0.5,0.2827491760253906,0.5664732207854589,True,False,False,4.00359567720443e-09,6,3,0.2914062603376806,0.2416666792705655,0.0066666672937572,0.22650468396022916,-0.0028995496013521915,-0.08497436661127722,-0.1838495588162914
31,91.70150823239237,909,15.15,89.45146179199219,5.8906640211987025,True,False,False,6.219397619133815e-08,11,3,89.09258212830173,7.566667061299086,1.4516668032156304,7.494424766395241,-0.25893864102454245,-9.710395854395756,-3.9344980935929925
32,75.71974482689984,960,16.0,73.94950103759766,4.605746373767033,False,True,False,1.4078857475396944e-06,12,3,73.77962563731126,8.000000417232513,1.488333473331295,7.764599645277485,-0.22651162416877924,-11.33602027615052,-3.7502810380476603
33,40.008775705471635,478,7.966666666666667,38.89952850341797,4.8725223341395605,True,False,False,5.793081072624773e-07,16,3,38.63919438867015,3.975000207312405,0.7100000667851418,3.9202257797587663,-0.1604083314887248,-4.769636535671452,-2.3055992905865423
34,81.56992666539736,960,16.0,84.93821716308594,5.298188572681586,False,True,False,8.064243957051076e-07,14,3,84.7516966755793,8.000000417232513,1.116666771704331,4.912131675361707,-1.8423228799747449,-9.371572135547467,-5.996673052533879
35,24.167026318144053,298,4.966666666666667,24.524337768554688,4.925697443731779,True,False,False,4.1946805140469223e-07,18,3,24.48691509247874,2.475000129081309,0.3450000324519351,2.0401848036672163,-0.34837997539034404,-3.0525662794389063,-1.7791270652378444
36,75.69805248361081,960,16.0,73.19181823730469,4.561079709945868,False,True,False,2.164870238630101e-06,4,3,73.03515950322617,8.000000417232513,1.583333482267335,7.701714462600648,-0.22340015658119228,-10.69539710764002,-3.703355952624406
37,74.64618592336774,886,14.766666666666666,72.63037872314453,4.907076725774102,True,False,False,9.107370715355501e-07,10,3,72.35058921927703,7.375000384636223,1.4200001335702837,6.905178337357938,-0.19697173578788352,-9.606667175372422,-3.6009423295763554
38,67.3531370034907,960,16.0,65.13017272949219,4.055557626586718,False,True,False,2.20214860746637e-06,5,3,64.98769833380356,8.000000417232513,1.4783334723906592,7.463021392934024,-0.21998385545157362,-10.540451434520946,-3.8154791207489325
39,80.73117059573997,850,14.166666666666666,79.57615661621094,5.596084711954874,True,False,False,8.657480066176504e-08,3,3,79.48574570659548,7.075000368990004,1.283333454048261,6.676301808212884,-0.1978418407124991,-10.00440328622608,-3.586965528593282
40,0.3802558099851012,51,0.85,0.21417617797851562,0.24979423380949917,True,False,False,5.933543434366584e-09,15,4,0.21451823599636555,0.41666668839752674,0.0150000014109537,0.3207539895083755,-0.006874045517179184,-0.11578086179724778,-0.46402820394723676
41,72.57965477579273,960,16.0,71.4381103515625,4.451543871786756,False,True,False,1.755694938765373e-06,6,4,71.39954753758502,8.000000417232513,1.5200001429766417,6.797995094938415,-0.2195204251929681,-11.130505012042704,-3.787861224009248
42,91.45082298060879,960,16.0,92.98749542236328,5.8011869820174375,False,True,False,6.504305929411203e-07,13,4,92.69082460849313,8.000000417232513,1.2116667806403711,5.680832580061178,-1.379250479008988,-8.969942766605527,-5.783307509773294
43,58.93961795629002,960,16.0,56.136268615722656,3.4922782711529483,False,True,False,1.901492851175135e-06,10,4,56.02565359433356,8.000000417232513,1.4416668022749946,7.389966727583669,-0.22206946260712357,-9.738520960083406,-3.957077260951337
44,81.09829709271435,960,16.0,77.84309387207031,4.852968165148438,False,True,False,1.5458117559319362e-06,2,4,77.69531593934516,8.000000417232513,1.4783334723906592,7.651629401138052,-0.20999248568023177,-9.550218553299601,-3.9667695526004536
45,91.12219934235327,960,16.0,88.16956329345703,5.497600833842686,False,True,False,7.777596238156548e-07,1,4,87.99818096509262,8.000000417232513,1.5633334803860635,7.63821142539382,-0.19023802192532457,-9.936764698355546,-3.950523447711248
46,91.60004643071443,949,15.816666666666666,90.13127899169922,5.681137465764901,True,False,False,1.7312413547188044e-07,11,4,89.84453533275519,7.900000412017107,1.5350001443875954,7.475983287309646,-0.31290757169517747,-10.436491719316109,-4.406073281619683
47,52.205802186741494,960,16.0,51.65929412841797,3.215294648997466,False,True,False,1.3570131613960257e-06,0,4,51.622137796730385,8.000000417232513,1.3516667938092723,5.441629994134246,-0.21032480230633155,-9.755548081971938,-4.243758573873492
48,72.36533112532925,960,16.0,69.93352508544922,4.35907523688899,False,True,False,1.3240514817880467e-06,5,4,69.85293281317718,8.000000417232513,1.5400001448579133,7.407797856954858,-0.21223602395730268,-10.205155956326053,-4.018006802558375
49,64.2212188965641,960,16.0,82.87687683105469,5.179849430002893,False,True,False,7.17899411029066e-07,19,4,81.9253290501656,8.000000417232513,0.5400000507943332,0.6065533476783003,-12.775912025001162,-4.257172696699854,-9.817578529706225
50,69.3683006502688,960,16.0,67.4587173461914,4.202045054520325,False,True,False,1.9678118405863643e-06,2,5,67.45781559916213,8.000000417232513,1.4850001396844164,7.299710572697222,-0.2230083034664858,-10.84773104195483,-3.8034847652743338
51,-0.0267372929956764,25,0.4166666666666667,-0.12886905670166016,-0.30980600625276566,True,False,False,5.7989382185041904e-09,8,5,-0.127734381108894,0.20000001043081284,0.0083333341171965,0.1518439042265527,-0.006007074749504682,-0.10525292514648754,-0.14792015496641397
52,66.51672473479994,960,16.0,64.11060333251953,3.9945801139615167,False,True,False,1.7472930267103948e-06,0,5,64.12174775474705,8.000000417232513,1.350000126985833,6.334508708510839,-0.1918016078452638,-8.57396732032339,-4.523761597214616
53,28.78965363651514,316,5.266666666666667,28.249481201171875,5.34803701870002,True,False,False,2.9334842110984027e-08,17,5,28.263152135768905,2.6250001369044185,0.5050000475021079,2.577908211387694,-0.12367318508222525,-3.759343285957584,-1.2983903946733335
54,82.36923727858812,960,16.0,80.16361236572266,4.993210320940185,False,True,False,3.3112701203208417e-07,12,5,80.1429723665351,8.000000417232513,1.4616668041562662,7.633022594964132,-0.268799574843797,-10.283615916923736,-4.316009081405355
55,70.1009442601353,717,11.95,68.25785064697266,5.698859686039731,True,False,False,4.023077053716406e-07,13,5,68.21627905581408,5.966666977852583,1.116666771704331,5.7435729179997,-0.18120343765622238,-7.8844218698795885,-2.8766157533918886
56,60.733121876372024,617,10.283333333333333,59.765167236328125,5.794942348559252,True,False,False,3.865989128826186e-08,14,5,59.77422139199916,5.1333336010575294,0.9950000935932621,4.977056586300023,-0.1974482457180784,-7.328458404619596,-2.6205831849001697
57,79.72027191822417,960,16.0,85.17413330078125,5.319140512217806,False,True,False,5.013305326428963e-07,16,5,85.13502970756963,8.000000417232513,0.9016667514806613,3.427611527230283,-4.120170599066114,-5.9541044095676625,-7.669760975324607
58,81.39724136912264,960,16.0,78.211181640625,4.873200401167074,False,True,False,1.5326145330618601e-06,5,5,78.21237317402847,8.000000417232513,1.555000146268867,7.764260331634432,-0.20041996323379863,-10.075905433874595,-3.858065770318717
59,83.39907866576687,960,16.0,81.3570556640625,5.070071432560993,False,True,False,1.6781018530309666e-06,6,5,81.31680038757622,8.000000417232513,1.5783334817970172,7.870520286262035,-0.22081616930108794,-11.58463842771016,-3.5611196319878218
60,84.13277577771805,960,16.0,81.45275115966797,5.074396416292681,False,True,False,1.3929970918979961e-06,4,6,81.54505564831197,8.000000417232513,1.5533334794454277,7.792556594591588,-0.20157947829238765,-10.938696552315378,-3.617892938258592
61,93.74940961413085,960,16.0,90.69635009765625,5.654942905786447,False,True,False,7.961789378896356e-07,2,6,90.7987668896676,8.000000417232513,1.5650001472095028,7.862508283928037,-0.1933652486268329,-10.482826375139666,-3.8006737039613654
62,60.8632752194535,695,11.583333333333334,59.77881622314453,5.147927277360996,True,False,False,4.899120540358126e-07,14,6,59.83327087786165,5.783333634957671,1.0800001015886664,5.560609861728153,-0.25191744184849085,-8.301618033641716,-2.8404032912803814
63,95.64828103175387,960,16.0,96.3231201171875,6.007469085894991,False,True,False,4.877629180555232e-07,13,6,96.43548606542754,8.000000417232513,1.3600001279264688,5.83866640549968,-1.6427854550502161,-8.671934265039454,-5.671152752005582
64,89.01633002562448,960,16.0,86.31412506103516,5.373897296244589,False,True,False,9.297000360675156e-07,0,6,86.41185258072801,8.000000417232513,1.5783334817970172,7.724668018054217,-0.20683595793343557,-10.538444282772616,-3.9532433017811854
65,75.75857975729741,960,16.0,71.70512390136719,4.469284000465025,False,True,False,1.3009266695007682e-06,2,6,71.7949901802931,8.000000417232513,1.4766668055672199,7.608800066169351,-0.1893235479510622,-8.912361659837188,-4.020191203249851
66,69.15527065866627,960,16.0,67.96646118164062,4.233361836627592,False,True,False,1.4220831872080453e-06,4,6,68.05820620047598,8.000000417232513,1.5300001439172775,7.2462207968346775,-0.23212062223228713,-11.521744218509411,-3.9252906369692937
67,84.65285114012659,960,16.0,82.9811019897461,5.1736155851356065,False,True,False,6.067771209927741e-07,9,6,83.04733441211283,8.000000417232513,1.555000146268867,6.9170100987757905,-0.1933892554357044,-10.65743594730884,-4.015668124741751
68,75.95321165455971,960,16.0,73.96842193603516,4.605924023484112,False,True,False,1.8147948139812797e-06,11,6,74.07617523512454,8.000000417232513,1.5433334785047919,7.526764830108732,-0.23100357649673242,-11.466201090341201,-3.4958558247781184
69,83.99275173060596,960,16.0,83.54402160644531,5.205585120401035,False,True,False,1.5535142665612511e-06,2,6,83.63600631197914,8.000000417232513,1.5683334808563814,7.426455288135912,-0.23219268397679116,-12.669750048684364,-3.7360994814225705
70,79.83897178340703,960,16.0,77.4317398071289,4.822775567586844,False,True,False,1.9357330529601313e-06,0,7,77.65254268224817,8.000000417232513,1.5916668163845316,7.787844277918339,-0.22219494473301893,-11.353335694235284,-3.617549835675163
71,84.15604792581871,960,16.0,81.12834167480469,5.056957417198768,False,True,False,1.0851099432329647e-06,0,7,81.38073275108763,8.000000417232513,1.5683334808563814,7.726342077832669,-0.20134458157735935,-10.054949174613284,-4.2630659598899
72,73.73732885392383,960,16.0,77.31758117675781,4.824129930902563,False,True,False,1.3815752026857808e-06,16,7,77.57519876075094,8.000000417232513,1.0616667665308341,4.20305351679599,-3.924342600541422,-6.470243347939686,-6.7080032773301355
73,50.02767331758514,960,16.0,48.503414154052734,3.020667648732342,False,True,False,1.6891644918359816e-06,7,7,48.77389547331404,8.000000417232513,1.3583334611030295,5.789680134686932,-0.21111748323346546,-9.016335511432771,-4.666781484920648
74,86.84625281824265,960,16.0,83.93238067626953,5.23179533808725,False,True,False,8.467786756227724e-07,8,7,84.11608448571496,8.000000417232513,1.5533334794454277,7.633151319576427,-0.2063722870834681,-10.447357777100478,-3.8025859727640636
75,76.47653899563011,960,16.0,74.18473815917969,4.623303209386844,False,True,False,1.3856524674338289e-06,3,7,74.31465178751387,8.000000417232513,1.5100001420360059,7.772426228504628,-0.22386005341013515,-11.290065702054562,-3.6066124385397416
76,14.640872040763497,195,3.25,14.381004333496094,4.421334877228126,True,False,False,2.3190841602627188e-07,19,7,14.497787037114904,1.6166667509824038,0.233333355281502,1.1010805559926666,-0.20380161489993043,-1.2993450457870495,-1.304848766012583
77,46.34796328609809,534,8.9,44.841331481933594,5.031598503216543,True,False,False,8.336392056662589e-07,16,7,45.07975446074852,4.441666898317635,0.7850000738399103,4.251306009362452,-0.3569025996948767,-5.040608587441966,-2.812252135394374
78,64.88827625429258,960,16.0,79.11492919921875,4.941214535680289,False,True,False,8.754595910431817e-07,18,7,79.45677441108273,8.000000417232513,0.6150000578491017,1.5890523944635788,-9.260194307418715,-6.694318227368058,-8.818037616088986
79,89.87086991104297,960,16.0,87.28338623046875,5.437368279507549,False,True,False,1.0247995305689983e-06,8,7,87.48379299754743,8.000000417232513,1.583333482267335,7.741422505117953,-0.2121382034574708,-10.759827350615524,-3.965712912249728
80,73.22373718768358,960,16.0,70.97048950195312,4.420704207600405,False,True,False,2.133929228875786e-06,10,8,71.14485998646705,8.000000417232513,1.5966668168548495,7.461736421013484,-0.23258458941199933,-11.198523481667507,-3.548416248875583
81,0.3015007390640676,22,0.36666666666666664,0.22615814208984375,0.6255818632515994,True,False,False,2.5138433557003736e-09,3,8,0.2232421967200935,0.17500000912696123,0.0050000004703179,0.13135432358831167,-0.0037232809590932447,-0.13165759423281997,-0.09771491313586012
82,73.48688314878382,960,16.0,70.46778106689453,4.386947585060261,False,True,False,1.6800722733023576e-06,10,8,70.9067739808379,8.000000417232513,1.5200001429766417,7.7593436683528125,-0.22478558415150474,-10.793966499040835,-3.6804812973514345
83,82.81543975137174,960,16.0,80.75468444824219,5.030129618713787,False,True,False,1.2941445675096475e-06,5,8,80.88320686378574,8.000000417232513,1.5966668168548495,7.346332348903161,-0.20104513870955998,-11.083265953420778,-3.726454309129622
84,19.089340769685805,223,3.716666666666667,18.779029846191406,5.0432655332868945,True,False,False,2.29116267291829e-07,18,8,18.837565900525078,1.8500000964850187,0.3516666997456923,1.7973432755097747,-0.10018308768121642,-2.683743487679749,-0.9633083981025266
85,71.21966936858371,960,16.0,68.26812744140625,4.2528948771922535,False,True,False,1.7173997548525222e-06,1,8,68.30176071601454,8.000000417232513,1.4900001401547343,7.46011873241514,-0.1940840486831803,-10.113249586596794,-3.724875284553491
86,77.7809842415154,960,16.0,75.80320739746094,4.7244581022619965,False,True,False,5.398915163823403e-07,1,8,75.8778026708751,8.000000417232513,1.488333473331295,7.228083304507891,-0.19936002666327113,-10.934228871432424,-3.679646186444188
87,0.4988218741491437,30,0.5,0.32558631896972656,0.6579230467478434,True,False,False,1.686566974967718e-08,7,8,0.3347005322575569,0.2416666792705655,0.0083333341171965,0.24892304465174675,-0.006263973657041788,-0.15714869696239475,-0.1713890286628157
88,0.5591144384816289,34,0.5666666666666667,0.4838676452636719,0.8521012786556693,True,False,False,7.101334631443024e-09,7,8,0.4670573156327009,0.27500001434236765,0.0150000014109537,0.2332605980700464,-0.004954414274834562,-0.17775077113765292,-0.24849829846061766
89,-0.04377106647007167,14,0.23333333333333334,-0.094573974609375,-0.41312687777514967,True,False,False,8.640199666842818e-10,4,8,-0.1052083360918914,0.10833333898335695,0.0033333336468786,0.11025860160589218,-0.0029988436745043145,-0.0904875072883442,-0.06700165278743953
90,1.4300804007798433,44,0.7333333333333333,1.3161239624023438,1.7951384051279589,True,False,False,2.6749148673843592e-08,18,9,1.315494840964675,0.358333352021873,0.0100000009406358,0.21513306193810422,-0.004889704754532431,-0.1597602926003674,-0.30423083098139614
91,55.8031531808665,960,16.0,54.492889404296875,3.3903720294280597,False,True,False,1.9984327082056552e-06,14,9,54.613869752327446,8.000000417232513,1.4950001406250522,7.1396149815373064,-0.22648342615138972,-11.657582514555543,-3.561264171716175
92,46.14807081804611,615,10.25,44.2604866027832,4.3088470684864175,True,False,False,1.2744658306473866e-06,5,9,44.67168162757298,5.116666933521628,1.0033334277104586,4.660237403906649,-0.12982160425417533,-6.582393353601219,-2.5916323423443828
93,74.1266453396529,960,16.0,72.70985412597656,4.524608489871995,False,True,False,1.4834786270512268e-06,11,9,73.07747721346095,8.000000417232513,1.566666814032942,7.378849735017866,-0.22753679909601487,-11.998120764510531,-3.670689793006204
94,72.16981536499225,960,16.0,83.88825988769531,5.232782749742425,False,True,False,1.004257683234755e-06,17,9,84.34368846972939,8.000000417232513,0.750000070547685,2.337173629138306,-5.936789158520696,-9.881610380587517,-7.442646678289748
95,84.24193133646622,960,16.0,82.94944763183594,5.170424426184036,False,True,False,1.387290467391722e-06,7,9,83.24824593844824,8.000000417232513,1.5083334752125666,7.28603071719408,-0.23240026116582158,-11.872747973378864,-3.6955295897860196
96,86.07316809525946,960,16.0,83.5291519165039,5.20606467925633,False,True,False,9.52572918322403e-07,12,9,83.99238651320775,8.000000417232513,1.5150001425063238,7.415541018213844,-0.31569449495964363,-10.49969698005225,-4.034367568316156
97,82.71920441044495,960,16.0,82.28534698486328,5.136058329682176,False,True,False,1.0634412319632247e-06,14,9,82.7971390481107,8.000000417232513,1.0916667693527415,6.074752616250407,-1.8300374663485854,-7.658134062294266,-5.756181848417327
98,0.7733673304319382,21,0.35,0.6962127685546875,1.9854135115941365,True,False,False,1.6509147826582193e-08,15,9,0.7022786773741245,0.1666666753590107,0.0066666672937572,0.12837237323401496,-0.0037364372219599318,-0.12450383421310107,-0.10237677488476038
99,85.94235921849031,960,16.0,83.08708190917969,5.1764679016855855,False,True,False,1.3878843674319796e-06,9,9,83.67917053613928,8.000000417232513,1.5616668135626242,7.782750039361417,-0.22068904703064618,-10.974248572136275,-3.8862895807542372
