metric,mean,std,min,max,count,ratio
episode_return,63.39205501166929,29.942694420814195,-0.04377106647007167,95.64828103175387,,
episode_steps,767.52,335.71042521792504,14.0,960.0,,
episode_duration,12.791999999999998,5.595173753632083,0.23333333333333334,16.0,,
forward_displacement,62.82689046859741,29.529847358042453,-0.12886905670166016,96.3231201171875,,
mean_forward_velocity,4.370369963603739,1.5322154850876628,-0.41312687777514967,6.0348910232385,,
fall,,,,,35,0.3499999940395355
timeout,,,,,65,0.6499999761581421
other,,,,,0,0.0
>=2m,,,,,87,0.8700000047683716
>=5m,,,,,86,0.85999995470047
>=10m,,,,,86,0.85999995470047
