env_id,episode_return,episode_steps,episode_duration,forward_displacement,mean_forward_velocity,fall,timeout,other,initial_world_x,terminal_world_x,out_of_terrain_x,reward_identity_residual,reward_progress,reward_alive,reward_upright,reward_move_to_target,reward_action_l2,reward_energy,reward_joint_pos_limits
0,52.66452272096649,797,13.283333333333333,49.78252410888672,3.7428825331473234,True,False,False,45.0,94.78252410888672,False,1.3165772543288767e-06,49.50364797835209,6.633333679288626,1.1816667778184637,5.298432238123496,-0.17563430463633267,-6.404053295234917,-3.3728690361676854
1,76.32471109135076,960,16.0,71.3544921875,4.45734083824597,False,True,False,-65.0,6.3544921875,False,1.8259261196362786e-06,71.0647164096008,8.000000417232513,1.600000150501728,7.983980237971991,-0.18680667644457571,-8.27502883427951,-3.8621487873060687
2,56.24418015789706,670,11.166666666666666,52.838600158691406,4.728339575795429,True,False,False,-15.0,37.838600158691406,False,1.1659667507046834e-06,52.41985905094771,5.575000290758908,1.0516667655901983,5.487442744895816,-0.11707054824910301,-5.279978948405187,-2.8927380316745257
3,83.86589845176786,960,16.0,78.12142181396484,4.877315673558042,False,True,False,5.0,83.12142181396484,False,1.8315031411475502e-06,77.7664746112423,8.000000417232513,1.5150001425063238,7.985833615064621,-0.17637756135900418,-7.724648520335904,-3.5003824210798484
4,64.87610371923074,960,16.0,60.6964111328125,3.7871858855942264,False,True,False,-55.0,5.6964111328125,False,2.072943971143104e-06,60.46894783200696,8.000000417232513,1.5700001476798207,7.761996456567431,-0.1955877887794486,-9.101156695061945,-3.6280945774706197
5,42.63081188220531,609,10.15,40.46186828613281,3.9846942120335678,True,False,False,5.0,45.46186828613281,False,1.0133558134839404e-06,39.88587424752768,5.066666930913925,0.8200000771321356,4.301221959889517,-0.13973457302881798,-4.400588944376068,-2.9026268024972524
6,0.6373325535096228,37,0.6166666666666667,-0.19477367401123047,0.6698414651123253,True,False,False,15.0,14.80522632598877,False,3.9108272176235914e-11,0.43632813869044185,0.30000001564621925,0.0183333350578323,0.2533042863942683,-0.0056496939514545375,-0.08395478934471612,-0.28102873894385993
7,72.623891823343,960,16.0,68.06773376464844,4.248502546106465,False,True,False,-55.0,13.067733764648438,False,2.2523609004565515e-06,67.80130529741291,8.000000417232513,1.583333482267335,7.950696285814047,-0.19572720788255538,-8.919351464064675,-3.5963627350756724
8,9.393556135706604,179,2.9833333333333334,9.431671142578125,2.821706612172989,True,False,False,95.0,104.43167114257812,True,2.2614131012232974e-07,8.290625382476719,1.4833334106951952,0.2683333585737273,1.4450929780723527,-0.03086816499398992,-1.3835126124831731,-0.6794479904929176
9,73.15701030683704,892,14.866666666666667,68.11717224121094,4.580342069836208,True,False,False,-5.0,63.11717224121094,False,1.4997372090874705e-06,67.65853174822405,7.4250003872439265,1.3950001312186942,7.380449625197798,-0.15897895084845004,-7.051397710376477,-3.491593424085295
10,77.45689578843303,960,16.0,72.68331909179688,4.539126558570812,False,True,False,5.0,77.68331909179688,False,1.9692847672558855e-06,72.38978194922674,8.000000417232513,1.5966668168548495,7.9299482754431665,-0.17567269317487444,-8.537951303995214,-3.7458757038693875
11,85.13113920530304,960,16.0,79.84973907470703,4.987230856351865,False,True,False,-5.0,74.84973907470703,False,1.7975053197005764e-06,79.70208679605275,8.000000417232513,1.5650001472095028,7.906813280656934,-0.17743261463147064,-8.239033038873458,-3.626293984838412
12,73.33058774657547,960,16.0,68.97303009033203,4.305771600858619,False,True,False,5.0,73.97303009033203,False,2.1521791495615616e-06,68.93047154555097,8.000000417232513,1.600000150501728,7.733334464021027,-0.18271022481167165,-8.488169712607487,-4.262336741132458
13,86.02741935837548,960,16.0,81.26361846923828,5.077345851754459,False,True,False,-65.0,16.26361846923828,False,1.7508054952486418e-06,81.06302459916333,8.000000417232513,1.5733334813266993,7.959131876472384,-0.17857940728845278,-8.41027624194794,-3.979213615777553
14,57.44539749517571,960,16.0,53.31707763671875,3.3267998598321964,False,True,False,35.0,88.31707763671875,False,1.7981733435590286e-06,53.166343530931044,8.000000417232513,1.4300001345109195,7.822042892687023,-0.18630428379947261,-8.806051201392165,-3.9806321968208067
15,60.726117429090664,766,12.766666666666666,57.389617919921875,4.491434531315539,True,False,False,55.0,112.38961791992188,True,1.3123408280080184e-06,57.23008074692916,6.375000332482159,1.088333435705863,5.603763271959906,-0.1565590780628554,-5.757839659976526,-3.6566603076062165
16,75.53595088724978,960,16.0,71.02220153808594,4.435326857030547,False,True,False,-25.0,46.02220153808594,False,2.6127581804757938e-06,70.85560212435666,8.000000417232513,1.600000150501728,7.971944167744368,-0.19053541918219707,-9.396259974480927,-3.3047979661641875
17,57.869499374879524,807,13.45,54.251426696777344,4.0304614281497635,True,False,False,55.0,109.25142669677734,True,1.258319116459461e-06,54.05885645386297,6.716667016968131,1.1416667740559205,5.712063750041125,-0.15693845632222292,-5.887880651778687,-3.7149342536285985
18,0.07560602854937315,24,0.4,0.0742034912109375,-0.16291137179359794,True,False,False,35.0,35.07420349121094,False,4.2280134948669e-09,-0.04472656565485522,0.1916666766628623,0.0083333341171965,0.13416377076646313,-0.002594899108999016,-0.09298219485935988,-0.11825408914592117
19,80.74195265152957,960,16.0,75.94104766845703,4.7409944096386125,False,True,False,-5.0,70.94104766845703,False,1.915931989060482e-06,75.71256841858849,8.000000417232513,1.5683334808563814,7.8823799272067845,-0.1751418852968527,-8.449479230373981,-3.7967065607517725
20,69.45600679551717,960,16.0,64.94969177246094,4.054159430063252,False,True,False,5.0,69.94969177246094,False,1.694898401183309e-06,64.47051076425123,8.000000417232513,1.5533334794454277,7.526161675864387,-0.16566953241863303,-7.660734770754061,-4.267593543205294
21,83.61051444662735,960,16.0,78.82498168945312,4.924071991909296,False,True,False,-65.0,13.824981689453125,False,2.1583628040389158e-06,78.52682636812096,8.000000417232513,1.600000150501728,7.973625312093645,-0.17805797370874643,-8.37028130604449,-3.9415963632054627
22,54.764069992583245,960,16.0,46.600341796875,2.904995975151337,False,True,False,55.0,101.600341796875,False,1.3788693422611686e-06,46.53606967511587,8.000000417232513,1.200000112876296,7.943823467474431,-0.13259017595612477,-5.861631674816181,-2.921600450474216
23,76.9768287409097,960,16.0,72.46947479248047,4.527467806590721,False,True,False,-55.0,17.46947479248047,False,2.1905616449657828e-06,72.22090179532825,8.000000417232513,1.5616668135626242,7.723827275403892,-0.18304007925917176,-8.315934439771809,-4.030590851024954
24,0.6428511654958129,27,0.45,0.0338287353515625,1.2586349226810314,True,False,False,95.0,95.03382873535156,False,2.0914740161970258e-08,0.5679036621004343,0.2166666779667139,0.0133333345875144,0.17296097794314846,-0.009485915805271361,-0.11660126707647578,-0.20192628330551088
25,72.33786275284365,960,16.0,67.59239196777344,4.216546933294739,False,True,False,-45.0,22.592391967773438,False,2.3540699203294935e-06,67.48086251085624,8.000000417232513,1.5366668112110347,7.93899662932381,-0.18274482513220391,-8.938998259865912,-3.4969181767119153
26,82.95210780156776,960,16.0,78.33391571044922,4.8924575803035015,False,True,False,5.0,83.33391571044922,False,1.8866262507799547e-06,77.97682621132117,8.000000417232513,1.5516668126219884,7.9650955074466765,-0.1810406069785131,-8.546114935488731,-3.814323717961088
27,71.7030999197159,960,16.0,67.15843200683594,4.192766561937363,False,True,False,-15.0,52.15843200683594,False,2.0966108422726393e-06,66.85097954020603,8.000000417232513,1.5683334808563814,7.905672539956868,-0.17936359772465948,-8.854363903403282,-3.5881564607971086
28,62.259885262930766,816,13.6,57.82666778564453,4.247645638746155,True,False,False,45.0,102.82666778564453,True,1.7430875232093967e-06,57.73164312082372,6.791667020879686,1.2933334549888968,6.685735040024156,-0.14758157922642567,-6.905475120525807,-3.1894349309459358
29,-0.06508100172504783,22,0.36666666666666664,0.7231149673461914,-0.4618612878363241,True,False,False,15.0,15.723114967346191,False,5.419678927864879e-09,-0.17050781939178705,0.17500000912696123,0.0083333341171965,0.1396387773565948,-0.0013346857149372227,-0.09120052185062377,-0.12501008994877338
30,0.25657583121210337,25,0.4166666666666667,0.18863296508789062,0.44557381138205526,True,False,False,-35.0,-34.81136703491211,False,4.380126483738422e-09,0.1852213644888252,0.20000001043081284,0.0100000009406358,0.16769235010724515,-0.012318446024437435,-0.1179451897914987,-0.176074254559353
31,88.58271693019196,960,16.0,83.75943756103516,5.2320611456292685,False,True,False,15.0,98.75943756103516,False,1.803670784283895e-06,83.61445688795357,8.000000417232513,1.5450001453282312,7.949504423420876,-0.18314483453923458,-8.24310850051188,-4.099989805021323
32,74.43741359352134,960,16.0,70.6916732788086,4.413527104956544,False,True,False,25.0,95.6916732788086,False,2.093026523652952e-06,70.58880523615517,8.000000417232513,1.5916668163845316,7.852755913045257,-0.18720686052711244,-9.678930329173454,-3.7296755065690377
33,42.88640562375076,493,8.216666666666667,39.829444885253906,4.8458988059380115,True,False,False,65.0,104.8294448852539,True,1.0851595106942113e-06,39.73437676172762,4.100000213831663,0.7716667392523959,3.9479188098121085,-0.09093828083723565,-3.5163776009212597,-2.0602399339550175
34,62.250708325067535,789,13.15,58.05430603027344,4.409393864929917,True,False,False,45.0,103.05430603027344,True,1.5164241631282493e-06,58.00599201249861,6.566667009145021,1.283333454048261,6.501076648011804,-0.1503381384882232,-7.0027318486972945,-2.9532892950264795
35,21.055261230794713,319,5.316666666666666,19.288497924804688,3.585550119697487,True,False,False,85.0,104.28849792480469,True,7.651988198631443e-07,19.038868031813763,2.65000013820827,0.4700000442098826,2.5894501672592014,-0.060801184698902944,-2.4329982025446952,-1.1992569982539862
36,68.1108976182295,960,16.0,64.40666961669922,4.019604959816691,False,True,False,-55.0,9.406669616699219,False,2.1622402073262492e-06,64.3027372869401,8.000000417232513,1.5850001490907744,7.828767023514956,-0.19364355941775102,-9.883933610595705,-3.528027926295181
37,77.68958165193908,960,16.0,72.3912582397461,4.519278165211047,False,True,False,5.0,77.3912582397461,False,2.3391530703520402e-06,72.1957063570735,8.000000417232513,1.5950001500314102,7.99017346277833,-0.1774035403959715,-8.44186774132686,-3.472025114300777
38,63.584588533616625,960,16.0,59.54684066772461,3.7157441170071253,False,True,False,-45.0,14.54684066772461,False,1.975808118004352e-06,59.49616164213512,8.000000417232513,1.588333482737653,7.824059579288587,-0.18686761961726006,-9.52934028965683,-3.607756702695042
39,76.98609873047099,960,16.0,71.95507049560547,4.491802820010344,False,True,False,-65.0,6.955070495605469,False,2.205151304224273e-06,71.7321646164637,8.000000417232513,1.5983334836782888,7.996185403317213,-0.17556508589632358,-8.518051290036965,-3.6469666091361432
40,-0.051752385683357716,15,0.25,-0.3426361083984375,-0.4866962562004725,True,False,False,55.0,54.65736389160156,False,6.024492904543877e-09,-0.11425781925208867,0.11666667275130749,0.0050000004703179,0.12500000651925802,-0.003925699595129117,-0.1052316669956781,-0.07500387355685234
41,56.480036132386886,721,12.016666666666666,52.70310974121094,4.381130308760188,True,False,False,-35.0,17.703109741210938,False,1.3429444152279757e-06,52.675067421398126,6.000000312924385,1.1433334408793598,5.913592847296968,-0.13558773243767064,-6.505066238307336,-2.6113025764225313
42,78.27644786785822,881,14.683333333333334,72.5535659790039,4.938258129735472,True,False,False,35.0,107.5535659790039,True,1.5445561984961387e-06,72.52012033158098,7.333333715796471,1.305000122752972,7.051769710436929,-0.14517269024008783,-6.398443799789675,-3.3901579781231703
43,78.99877657648176,960,16.0,74.82781219482422,4.671312701919427,False,True,False,5.0,79.82781219482422,False,1.8823611753759906e-06,74.79401373048313,8.000000417232513,1.5966668168548495,7.9133655284531415,-0.18743452693342988,-9.547671103930043,-3.5701624033172266
44,72.30143592017703,960,16.0,66.7322006225586,4.167360153637128,False,True,False,-75.0,-8.267799377441406,False,2.2911334554009954e-06,66.6070341970335,8.000000417232513,1.5983334836782888,7.969333352521062,-0.17288136353465688,-8.383610275253886,-3.3167716003663372
45,82.36857359670103,960,16.0,77.33937072753906,4.832487746982709,False,True,False,-85.0,-7.6606292724609375,False,1.951679678313667e-06,77.23079756624065,8.000000417232513,1.5616668135626242,7.942158425226808,-0.17176534698728574,-8.285293433949846,-3.9089888929447625
46,82.86990403849632,960,16.0,77.2814712524414,4.826540865986802,False,True,False,15.0,92.2814712524414,False,1.261110810446553e-06,77.12389653152786,8.000000417232513,1.5916668163845316,7.982018042821437,-0.16625671624387905,-7.703829208789102,-3.957590583326237
47,83.76614126819186,960,16.0,78.68553161621094,4.91528734502499,False,True,False,-95.0,-16.314468383789062,False,2.0485663299041335e-06,78.59668324142694,8.000000417232513,1.583333482267335,7.909327803179622,-0.17672006932070872,-8.441254171326364,-3.7052273867011536
48,76.35615642159246,960,16.0,71.03707885742188,4.436255866762561,False,True,False,-45.0,26.037078857421875,False,2.186437313866918e-06,70.93470352149598,8.000000417232513,1.5866668159142137,7.970136845950037,-0.17589439439575472,-8.334055538005487,-3.625399060161726
49,11.343421833240427,147,2.45,10.487930297851562,4.3048911470362325,True,False,False,95.0,105.48793029785156,True,8.951519703259692e-08,10.515885823930148,1.216666730120778,0.1983333519892767,1.132368549122475,-0.02634939841573214,-1.0220937312114984,-0.6713895818102174
50,67.84142695844639,960,16.0,62.854637145996094,3.925016152191286,False,True,False,-75.0,-12.145362854003906,False,2.0544371182040777e-06,62.863153782789595,8.000000417232513,1.5766668149735779,7.992131947539747,-0.180407826652754,-9.09781313734129,-3.3123029856578796
51,70.49512818222865,960,16.0,65.7003402709961,4.103906667614743,False,True,False,-15.0,50.700340270996094,False,1.7013985598168802e-06,65.69245071982732,8.000000417232513,1.505000141565688,7.384076253718376,-0.1805453443598708,-7.946996125880105,-3.958856178476708
52,0.106532521545887,19,0.31666666666666665,-0.06572723388671875,-0.2056749618373272,True,False,False,-95.0,-95.06572723388672,False,7.590642780996859e-09,-0.06210937829746399,0.15000000782310963,0.0066666672937572,0.15833334159106016,-0.0018798809815052664,-0.10925353044876829,-0.03522469784365967
53,33.619768468197435,411,6.85,32.665374755859375,4.526938230424684,True,False,False,75.0,107.66537475585938,True,7.787089089106303e-07,31.043360765092075,3.4166668448597193,0.6216667251428589,3.305688763037324,-0.06870961634422201,-2.8696844059686555,-1.8292198289127555
54,75.61558661249,960,16.0,70.2298812866211,4.382170917605981,False,True,False,25.0,95.2298812866211,False,1.9674225768540055e-06,70.23392227245495,8.000000417232513,1.5266668102703989,7.848449480719864,-0.1808009512424178,-7.961512202207814,-3.8511372473149095
55,71.00193096627481,960,16.0,64.80585479736328,4.048978775841776,False,True,False,35.0,99.80585479736328,False,9.80109234660631e-07,64.7652371066797,8.000000417232513,1.57166681450326,7.9350471557118,-0.162244475652642,-7.215175810651999,-3.8925992614385905
56,63.378812219016254,747,12.45,58.81317901611328,4.722970059488113,True,False,False,45.0,103.81317901611328,True,1.4958191059122328e-06,58.82011982542463,6.216666990891099,1.1983334460528567,6.116336213191971,-0.12737350162706207,-5.8693274742872745,-2.975941784810857
57,41.53971167164855,448,7.466666666666667,38.52153778076172,5.1556362280555605,True,False,False,65.0,103.52153778076172,True,6.843956725788303e-07,38.53320480012917,3.725000194273889,0.7016667326679453,3.664171326905489,-0.07990266415527003,-3.1938699225374876,-1.8105581112395157
58,51.05929736676626,960,16.0,46.089073181152344,2.875149182580935,False,True,False,-45.0,1.0890731811523438,False,1.5589148461003788e-06,46.096226004709024,8.000000417232513,1.488333473331295,7.871575656812638,-0.18509050251759618,-7.9687985733962705,-4.2429475504904985
59,81.17975169455167,960,16.0,76.99327087402344,4.8054784625768665,False,True,False,-35.0,41.99327087402344,False,2.1737610040872823e-06,76.99961280470598,8.000000417232513,1.5850001490907744,7.957169790286571,-0.18603849598775923,-9.54044506147693,-3.6355457355384715
60,80.22550840326585,960,16.0,73.9927978515625,4.6222820597390335,False,True,False,-55.0,18.9927978515625,False,2.2763888409826905e-06,74.06321935565211,8.000000417232513,1.5850001490907744,7.958016918506473,-0.16683042439399287,-7.844972667306138,-3.3689230691270495
61,64.28533075063024,960,16.0,59.35906982421875,3.7072150576093312,False,True,False,-75.0,-15.64093017578125,False,2.048829173872946e-06,59.4298854075023,8.000000417232513,1.5200001429766417,7.7666407553479075,-0.17535253600772194,-8.093018956522428,-4.162822431069799
62,64.46688880119473,830,13.833333333333334,59.158447265625,4.273163083711841,True,False,False,45.0,104.158447265625,True,1.8654809821327945e-06,59.23392187827267,6.908333693630993,1.321666790987365,6.791393244755454,-0.13932341410384197,-6.4211680115549825,-3.227933515311946
63,74.31012956053019,827,13.783333333333333,69.99357604980469,5.075905758585722,True,False,False,35.0,104.99357604980469,True,1.6753615454945248e-06,70.04212542186724,6.883333692327142,1.3200001241639256,6.737002890389704,-0.1481419087544964,-7.115936128178873,-3.4082528559229104
64,79.03737739520147,960,16.0,74.11676025390625,4.630926007172093,False,True,False,-95.0,-20.88323974609375,False,2.0574570953613147e-06,74.16953460825607,8.000000417232513,1.5933334832079709,7.851043456699699,-0.1778966520450922,-8.455822521340451,-3.942813339352142
65,68.2834186052205,960,16.0,63.905181884765625,3.9906214109039864,False,True,False,-75.0,-11.094818115234375,False,2.0312733113314607e-06,64.0049506513169,8.000000417232513,1.4983334742719308,7.552732467323949,-0.18526890004920915,-8.668059805648227,-3.9192676679540455
66,71.53970063477755,960,16.0,66.26051330566406,4.13465947608153,False,True,False,-55.0,11.260513305664062,False,2.3254533516592346e-06,66.35729459254071,8.000000417232513,1.5966668168548495,7.980625948403031,-0.18064076332757395,-8.865004358434817,-3.3492396930378163
67,70.67959501978476,960,16.0,65.1517562866211,4.068536608441112,False,True,False,-5.0,60.151756286621094,False,2.0882398530375212e-06,65.26491166633787,8.000000417232513,1.5966668168548495,7.91998643707484,-0.16922051989968168,-7.8689363776029495,-4.063811331972829
68,74.45620550587773,960,16.0,69.75263977050781,4.355461911531165,False,True,False,15.0,84.75263977050781,False,2.663944542291574e-06,69.84017244220013,8.000000417232513,1.600000150501728,7.965249029919505,-0.18473258462654485,-9.24862943442713,-3.515851850977924
69,74.6238206330454,960,16.0,70.34392547607422,4.394843463462894,False,True,False,-75.0,-4.656074523925781,False,2.3903285182313994e-06,70.44004217884503,8.000000417232513,1.5966668168548495,7.979289003647864,-0.18870743487605068,-9.68907928851695,-3.514388669813343
70,73.94583425158635,960,16.0,68.8116455078125,4.294624555627039,False,True,False,-95.0,-26.1883544921875,False,2.5320555323560257e-06,68.99935204803478,8.000000417232513,1.5916668163845316,7.943211516365409,-0.18117265106366176,-8.8686921200715,-3.538529243240191
71,57.70801794354338,960,16.0,54.46034240722656,3.400601768649843,False,True,False,-95.0,-40.53965759277344,False,1.7076108633773401e-06,54.652281100163236,8.000000417232513,1.4983334742719308,6.224649353796849,-0.19716720087490103,-7.8691805410526285,-4.6008969523827545
72,41.65572754817549,520,8.666666666666666,38.722023010253906,4.462807604097403,True,False,False,65.0,103.7220230102539,True,1.1191650628461502e-06,38.82884296507109,4.325000225566328,0.8183334103086963,4.228138679037329,-0.09658818462412455,-4.275782628043089,-2.1722157999756746
73,54.923379659536295,960,16.0,49.160972595214844,3.0672110442925864,False,True,False,-25.0,24.160972595214844,False,1.9207154764444567e-06,49.45182510331506,8.000000417232513,1.5916668163845316,7.90575062436983,-0.16695408794385003,-7.925589013750141,-3.933318279356172
74,81.63185344159137,960,16.0,75.97984313964844,4.743837841056908,False,True,False,-15.0,60.97984313964844,False,2.4603759811725467e-06,76.17539409839083,8.000000417232513,1.600000150501728,7.954205138608813,-0.17508051957338466,-8.364529173690244,-3.558134209502896
75,72.65659385337494,960,16.0,67.25684356689453,4.199202447543697,False,True,False,-65.0,2.2568435668945312,False,1.941169557539979e-06,67.35768522974104,8.000000417232513,1.5816668154438958,7.9158160435035825,-0.18233676628142348,-8.557288403946586,-3.458947541148518
76,11.445897067547776,170,2.8333333333333335,11.208534240722656,3.6307995274882106,True,False,False,95.0,106.20853424072266,True,2.296501406817697e-07,10.335286856279708,1.4083334067836404,0.2133333534002304,1.2411307433940237,-0.027813890465949953,-0.9737714487237099,-0.7506017234700266
77,40.661947347805835,540,9.0,37.716697692871094,4.1896880315133815,True,False,False,65.0,102.7166976928711,True,9.707919161883183e-07,37.90651208173949,4.491666900925338,0.8750000823056325,4.355038773152046,-0.10356369438068214,-4.851993099102401,-2.0107127260416746
78,20.407274755183607,266,4.433333333333334,19.006874084472656,4.200199034569183,True,False,False,85.0,104.00687408447266,True,5.045039870310575e-07,18.71868571552477,2.2083334485068917,0.4100000385660678,2.1696761646308005,-0.04899547301829443,-2.0541278313758085,-0.9962968031468336
79,85.0284525572788,960,16.0,79.61491394042969,4.970737023985324,False,True,False,-15.0,64.61491394042969,False,1.968677224795101e-06,79.69648794131353,8.000000417232513,1.5950001500314102,7.946763367857784,-0.17582519049074108,-8.27003789821174,-3.7639342617767397
80,69.24224769766442,960,16.0,64.88250732421875,4.051276265938456,False,True,False,5.0,69.88250732421875,False,2.2039685063646175e-06,65.03698208127753,8.000000417232513,1.588333482737653,7.945723046548665,-0.19862397770975804,-9.652180290635442,-3.477984857818228
81,63.0548413132783,960,16.0,58.48844528198242,3.6507329084658218,False,True,False,-65.0,-6.511554718017578,False,1.91279650607612e-06,58.58457308218931,8.000000417232513,1.4600001373328269,7.874492133501917,-0.18623596490760974,-8.582006041335262,-4.095980537938885
82,75.61713942186907,960,16.0,70.3268051147461,4.391983190768709,False,True,False,5.0,75.3268051147461,False,2.1205651137279347e-06,70.43828432884766,8.000000417232513,1.5916668163845316,7.969993357080966,-0.1787750733547,-8.732551692199195,-3.4714766115575912
83,37.219452425139025,471,7.85,34.775264739990234,4.428635201968585,True,False,False,-45.0,-10.224735260009766,False,8.097372301563155e-07,34.91256658322527,3.9166668709367514,0.7466667369008064,3.8352634160546586,-0.09117869001102008,-4.199429137985135,-1.9011025442450773
84,21.236067758640274,278,4.633333333333333,17.59998321533203,4.214700418809201,True,False,False,85.0,102.59998321533203,True,5.575266186497174e-07,19.574610302457586,2.308333453722298,0.4233333731535822,2.220746685336053,-0.05046610892259196,-2.063124580665317,-1.1773648089147173
85,66.60194111824967,960,16.0,60.8300895690918,3.7953661045311793,False,True,False,-85.0,-24.169910430908203,False,1.2032078302581795e-06,61.114976646145806,8.000000417232513,1.600000150501728,7.951453320682049,-0.17447094999351975,-8.097029015480075,-3.7929882476310013
86,20.11875334265642,312,5.2,19.384986877441406,3.723096704074683,True,False,False,-85.0,-65.6150131225586,False,6.029949872754514e-07,19.448698764201254,2.5916668018326163,0.4233333731535822,2.0057530894482625,-0.07028391218045726,-2.7477411177387694,-1.532673053065082
87,0.4886107558850199,21,0.35,-0.22495079040527344,0.963617959192821,True,False,False,-25.0,-25.224950790405273,False,1.3346834748517722e-08,0.30455730576068163,0.1666666753590107,0.0066666672937572,0.17500000912696123,-0.0013209025901232962,-0.10694632405648008,-0.056012661661952734
88,-0.1865886056330055,27,0.45,-3.2443504333496094,-0.7117780877484216,True,False,False,-25.0,-28.24435043334961,False,6.231857696548104e-09,-0.2955078289960511,0.2166666779667139,0.0066666672937572,0.1495772003836464,-0.0030882855025993194,-0.11963022491545416,-0.14127280563116074
89,0.24060250539332628,18,0.3,0.2980766296386719,0.7968588152693378,True,False,False,-55.0,-54.70192337036133,False,1.7782440409064293e-08,0.25149740907363594,0.1416666740551591,0.0083333341171965,0.11289428040618077,-0.006462816731072962,-0.14955052171717398,-0.11777583602815866
90,30.813340819557197,673,11.216666666666667,31.047317504882812,2.766959036867872,True,False,False,85.0,116.04731750488281,True,7.164489943534136e-07,31.131902424967848,5.600000292062759,0.6583333952585235,2.6149467217919664,-0.2361123806103933,-4.686936211068314,-4.268792706396198
91,63.692756556440145,874,14.566666666666666,58.65569305419922,4.021559527774663,True,False,False,45.0,103.65569305419922,True,1.5415971574839205e-06,58.881773298140615,7.275000379420817,1.3233334578108042,7.137735156837152,-0.16186965692031663,-7.47604208570192,-3.28717245154985
92,64.63696544372942,960,16.0,59.90192794799805,3.7427103335231853,False,True,False,-45.0,14.901927947998047,False,1.9866331513185287e-06,60.271812698745634,8.000000417232513,1.50000014109537,7.843580725369975,-0.1784623073488092,-8.729463119227148,-4.070501125504961
93,83.12059794226661,960,16.0,78.00325775146484,4.871959954084984,False,True,False,15.0,93.00325775146484,False,2.338564627279993e-06,78.21992533898447,8.000000417232513,1.5800001486204565,7.984962381888181,-0.17582030241010216,-8.763361291164983,-3.725106412319292
94,29.593226194847375,438,7.3,27.929664611816406,3.7123801419298808,True,False,False,75.0,102.9296646118164,True,8.993874871521257e-07,27.247136690857587,3.6416668565943837,0.6866667312569916,3.5696839083975647,-0.08657388061055826,-4.01692589216691,-1.448427320094197
95,74.29340250883251,960,16.0,69.29325866699219,4.324985819521923,False,True,False,-25.0,44.29325866699219,False,2.115692495863186e-06,69.60690406360663,8.000000417232513,1.5816668154438958,7.903300108853728,-0.1869303846283401,-9.257073650151142,-3.3544627458322793
96,79.73207994946279,960,16.0,74.9347915649414,4.678466320278433,False,True,False,25.0,99.9347915649414,False,2.2781064217269886e-06,75.28086268459447,8.000000417232513,1.583333482267335,7.963495560456067,-0.18427707828914208,-9.104670720473223,-3.80666211821881
97,67.24146031809505,921,15.35,61.602394104003906,4.009084271807041,True,False,False,45.0,106.6023941040039,True,1.736906597216148e-06,61.97513289144263,7.666667066514492,1.3983334648655728,7.476038705885003,-0.15967338203972758,-7.178639066787582,-3.9363976248787367
98,0.1075784764252603,20,0.3333333333333333,-0.3319816589355469,-0.008279848843812943,True,False,False,55.0,54.66801834106445,False,8.492861525155604e-09,-0.0017578123370185494,0.15833334159106016,0.0066666672937572,0.15404923958703876,-0.0029169752433517715,-0.11011867964407429,-0.09667729632928967
99,76.76450731104705,960,16.0,71.1937484741211,4.444923520142523,False,True,False,-5.0,66.1937484741211,False,2.101566224155249e-06,71.52545901207486,8.000000417232513,1.5800001486204565,7.829377009067684,-0.17775741530522282,-8.15247754102893,-3.8400922180480848
