env_id,episode_return,episode_steps,episode_duration,forward_displacement,mean_forward_velocity,fall,timeout,other,initial_world_x,terminal_world_x,out_of_terrain_x,reward_identity_residual,reward_progress,reward_alive,reward_upright,reward_move_to_target,reward_foot_contact,reward_action_l2,reward_energy,reward_joint_velocity,reward_joint_pos_limits,reward_foot_slip
0,142.6643347973004,960,16.0,56.8702392578125,3.546554712827977,False,True,False,45.0,101.8702392578125,False,5.298247174323478e-08,141.70020241860766,8.000000417232513,0.7183334009023383,22.222862706985325,3.333333507180214,-0.11760395062947282,-21.295744611281407,-2.5186716537840255,-7.702893346111523,-1.6754841447836952
1,158.3981174614746,960,16.0,65.13634490966797,4.063599043457846,False,True,False,-65.0,0.13634490966796875,False,5.85977886657929e-07,162.0096110830782,8.000000417232513,0.800000075250864,23.758278887718916,3.350000174716115,-0.13945401834052973,-25.540917898586486,-3.1521350272523705,-8.859976458377787,-1.8272903599427082
2,166.27435020823032,960,16.0,67.6233139038086,4.219105985640878,False,True,False,-15.0,52.623313903808594,False,3.077860810662969e-08,169.4298590833787,8.000000417232513,0.7975000750157051,23.6539572943002,3.7000001929700375,-0.1366751586234045,-25.236217038473114,-3.118538691982394,-8.676709986837523,-2.1388259479717817
3,169.41630733013153,960,16.0,68.58393859863281,4.281149105541408,False,True,False,5.0,73.58393859863281,False,4.952571543981321e-07,171.1687910829205,8.000000417232513,0.7916667411336675,23.424590579234064,3.5166668500751257,-0.1290845941466614,-24.677862781798467,-2.9404004706848355,-7.868600055335264,-1.8694599432419636
4,74.14212129439693,586,9.766666666666666,30.671964645385742,3.1308490826649775,True,False,False,-55.0,-24.328035354614258,False,5.50935510545969e-07,76.47493887852761,4.875000254251063,0.47416671126848087,13.66670256643556,2.2666667848825455,-0.09171237833652413,-15.325982947659213,-1.7497937737134635,-5.494984921664582,-0.9528804305300582
5,172.92146578989923,960,16.0,69.96247863769531,4.36732568302735,False,True,False,5.0,74.96247863769531,False,9.346563274448272e-07,175.08480700058863,8.000000417232513,0.7950000747805461,23.839475233107805,3.4166668448597193,-0.1336064179108689,-25.354857463389635,-3.0689401297058794,-7.709119578590617,-1.9479592564166524
6,1.289554133953061,44,0.7333333333333333,-0.27293872833251953,0.8390051140026613,True,False,False,15.0,14.72706127166748,False,1.867010723799467e-08,1.608561284840107,0.358333352021873,0.0083333341171965,0.8874450419098139,0.01666666753590107,-0.0021312101162038743,-0.16234240583435167,-0.03716464163153432,-1.3832928761839867,-0.004854431375861168
7,146.18111646237958,960,16.0,58.310306549072266,3.638127396769414,False,True,False,-55.0,3.3103065490722656,False,2.503802249975706e-07,146.19873813379672,8.000000417232513,0.7983334084274247,23.47871162649244,3.7666668631136417,-0.13608629760707913,-23.79751384293195,-2.6248225269373506,-7.745697982121783,-1.7572135874652304
8,21.01421219529584,211,3.5166666666666666,9.331039428710938,2.361792672619718,True,False,False,95.0,104.33103942871094,True,2.1643688796757488e-07,20.479818852851167,1.7500000912696123,0.1566666814032942,4.954489761614241,0.8000000417232513,-0.023992394809170037,-3.622728353875573,-0.47731853414006764,-2.6806713797850534,-0.32205278739274945
9,149.81123168917838,960,16.0,60.49882888793945,3.778122364737404,False,True,False,-5.0,55.49882888793945,False,5.222574372965028e-07,151.50147272841423,8.000000417232513,0.800000075250864,23.62470255047083,3.833333533257246,-0.13884641118431773,-24.739776394417277,-3.009815354947932,-8.216155984729994,-1.8436839924252126
10,176.66505295503885,960,16.0,71.91022491455078,4.488805136993566,False,True,False,5.0,76.91022491455078,False,7.280470413206785e-07,179.70020430337172,8.000000417232513,0.7991667418391444,23.85265127569437,3.4833335150033236,-0.1389988235349051,-25.931281954050064,-3.0085790640114283,-8.193990806801594,-1.8974519216571935
11,172.63027196656913,960,16.0,70.13552856445312,4.37599201487125,False,True,False,-5.0,65.13552856445312,False,9.703257717319502e-07,175.07243709506292,8.000000417232513,0.800000075250864,23.71132578328252,3.5333335176110268,-0.13660620236484533,-25.549853066098876,-3.0194902276052744,-7.86900032657104,-1.911876069556456
12,147.41427514050156,960,16.0,61.236663818359375,3.8197054693310446,False,True,False,5.0,66.23666381835938,False,1.2954096462181042e-06,153.02051571111951,8.000000417232513,0.800000075250864,23.21325629297644,3.4500001799315214,-0.13949201310603598,-27.058449525560718,-3.2902947424208833,-8.475147984121577,-2.106114566209726
13,188.42932353820652,960,16.0,76.95221710205078,4.801974756934942,False,True,False,-65.0,11.952217102050781,False,1.3633257367473561e-06,192.33920201401634,8.000000417232513,0.7941667413688265,23.921097237616777,3.4500001799315214,-0.1366959464608044,-26.388445124728605,-3.1374724273155152,-8.361119462446368,-2.0514087276824284
14,0.98687590676127,106,1.7666666666666666,0.3118171691894531,-0.028519567026414047,True,False,False,35.0,35.31181716918945,False,8.742399870698137e-08,-0.18554688748554327,0.8750000456348062,0.0133333345875144,2.531621912494302,0.05000000260770321,-0.0023209810608904036,-0.26264696547877975,-0.06383829191690893,-1.9549229553667828,-0.013803219830151647
15,126.09904814814217,807,13.45,50.02296447753906,3.7137532199339427,True,False,False,55.0,105.02296447753906,True,2.5263722136514843e-07,124.84424457256682,6.716667016968131,0.6508333945530467,19.209066215669736,2.9333334863185883,-0.0981896774014217,-17.60399663868884,-2.163599108622293,-6.94960297763464,-1.4397078829497332
16,158.53705996088684,960,16.0,62.6159553527832,3.9090662845488016,False,True,False,-25.0,37.6159553527832,False,7.227114906527277e-07,156.45134246442467,8.000000417232513,0.7908334077219479,23.886022800579667,3.7666668631136417,-0.13179275696319337,-22.9132413212792,-2.5375787566772487,-6.934689345769584,-1.8405045342078665
17,125.31986273051007,732,12.2,50.28107452392578,4.117577327326286,True,False,False,55.0,105.28107452392578,True,4.676933258451754e-07,125.7244526262366,6.091666984371841,0.585833388438914,17.84368661737244,2.7000001408159733,-0.09760366444083957,-17.660409743737546,-2.0733614063028654,-6.407365219725762,-1.3870374602120137
18,-0.06323136331047863,31,0.5166666666666666,-0.10035324096679688,-0.16457349594472157,True,False,False,35.0,34.8996467590332,False,2.548540578573011e-08,-0.17480469308793545,0.25000001303851604,0.0066666672937572,0.5739490478299558,0.01666666753590107,-0.0009299152247876918,-0.14623419259442016,-0.03386496841267217,-0.5458416785113513,-0.008838285692036152
19,175.7646478060633,960,16.0,71.12213897705078,4.4404775958896305,False,True,False,-5.0,66.12213897705078,False,7.58503119868692e-07,177.5608811994316,8.000000417232513,0.800000075250864,23.76675976626575,3.383333509787917,-0.13409417405705426,-24.803473565916647,-2.8823216400708134,-7.945244213042315,-1.981192810315406
20,180.79582479572855,960,16.0,74.68726348876953,4.662347511540672,False,True,False,5.0,79.68726348876953,False,1.4837605704087764e-06,186.75879879819695,8.000000417232513,0.7991667418391444,23.550236196257174,3.6500001903623343,-0.14335803367794142,-27.446639553549176,-3.3012719903708785,-8.722345611276978,-2.3487608755240217
21,179.39657263364643,960,16.0,72.74869537353516,4.540589971789935,False,True,False,-65.0,7.748695373535156,False,1.0974181918754766e-06,181.72933885804377,8.000000417232513,0.800000075250864,23.676783206872642,3.6666668578982353,-0.13716460778226747,-25.248669382941443,-2.9668586822153884,-7.966456137306523,-2.1570668739877874
22,107.93452508596238,615,10.25,43.628273010253906,4.249065469278068,True,False,False,55.0,98.6282730102539,False,3.2351442769140704e-07,109.19401580374688,5.116666933521628,0.48250004538567737,14.725043304410065,2.18333344720304,-0.08292808393900941,-15.625361214275472,-1.8214048850240943,-5.119216410763329,-1.11812353078858
23,172.19277154514566,960,16.0,68.2680435180664,4.264676782555276,False,True,False,-55.0,13.268043518066406,False,2.183935521316016e-08,171.19825071201194,8.000000417232513,0.800000075250864,23.953830029815435,3.5166668500751257,-0.12785230555471117,-22.724095654833945,-2.628625042474596,-7.860773997032084,-1.9346295175055275
24,1.6533016292378306,38,0.6333333333333333,0.222900390625,1.3096506093677722,True,False,False,95.0,95.222900390625,False,2.279193722642958e-08,2.063313901424408,0.3083333494141698,0.00916666752891615,0.6693503231508657,0.03333333507180214,-0.0024738981956033967,-0.2076578957348829,-0.03799131975029013,-1.1735720597207546,-0.008500796742737293
25,165.87429883796722,960,16.0,66.97084045410156,4.178531735464154,False,True,False,-45.0,21.970840454101562,False,3.279046723037027e-07,167.01205304951873,8.000000417232513,0.800000075250864,23.876957781612873,3.6666668578982353,-0.14467796564440505,-25.242026575026102,-2.7588393815149175,-7.568926597141399,-1.7669091521238443
26,28.070777866989374,200,3.3333333333333335,11.661520004272461,3.4927696829661725,True,False,False,5.0,16.66152000427246,False,3.449130190347205e-07,29.16601712728152,1.6583334198221564,0.14916668069781736,4.643488893285394,0.7333333715796471,-0.03097688644277241,-5.089674195332918,-0.6314123653355637,-2.1392485483083874,-0.3882492853445001
27,168.5281122783199,960,16.0,68.11192321777344,4.250734004816817,False,True,False,-15.0,53.11192321777344,False,9.23022412280261e-07,169.5239341519773,8.000000417232513,0.800000075250864,23.78356842137873,3.4333335123956203,-0.13112024527606536,-24.63139971010969,-2.832348149993777,-7.69766284635989,-1.7201942711981246
28,145.0240715481341,960,16.0,56.117027282714844,3.5015230769894514,False,True,False,45.0,101.11702728271484,False,9.825816960074008e-07,140.2211983568268,8.000000417232513,0.800000075250864,23.738911074586213,3.2000001668930054,-0.10197071579852945,-18.69285451986434,-2.2149951114559983,-8.44583045894251,-1.4803867540122155
29,0.4061752469278872,27,0.45,-0.39048004150390625,-0.03387386441506721,True,False,False,15.0,14.609519958496094,False,1.5736759451101534e-08,-0.06298828292347025,0.2166666779667139,0.00416666705859825,0.5765307433903217,0.03333333507180214,-0.0004752994802856847,-0.15586779091972858,-0.03055252361809835,-0.1611264105886221,-0.01351185329258442
30,0.5169789378414862,25,0.4166666666666667,0.2759284973144531,0.6687433362007141,True,False,False,-35.0,-34.72407150268555,False,8.658389560878277e-09,0.6863607168197632,0.20000001043081284,0.00583333388203755,0.5065001689363271,0.01666666753590107,-0.003080385606153868,-0.34414435806684196,-0.05674624053062871,-0.4920384013094008,-0.002372582908719778
31,122.57886056989082,634,10.566666666666666,50.85211181640625,4.806250217392724,True,False,False,15.0,65.85211181640625,False,1.6834311509228428e-06,127.14632789301686,5.2750002751126885,0.5150000484427437,15.63524377453723,2.2166667822748423,-0.09162843539331789,-17.99490285743377,-2.288490704166179,-6.412933898276606,-1.4214206247925176
32,90.31742303834108,960,16.0,34.01710891723633,2.1232686819731574,False,True,False,25.0,59.01710891723633,False,1.196261450786551e-06,85.045902677899,8.000000417232513,0.800000075250864,23.981061758473516,2.2666667848825455,-0.07615293587497263,-13.096566230948156,-1.461070233689334,-14.237290791606938,-0.9051272870165121
33,101.71722176717594,573,9.55,41.40027618408203,4.33130982880973,True,False,False,65.0,106.40027618408203,True,4.7114531298575457e-07,103.50993343547452,4.766666915267706,0.45083337574033067,13.913537554763025,2.0666667744517326,-0.07839543839349972,-14.444306968900491,-1.8062506504029443,-5.592171931384655,-1.06929082829447
34,152.2696622624062,834,13.9,60.370872497558594,4.337496293943188,True,False,False,45.0,105.3708724975586,True,4.5759804834233364e-08,150.86068463348784,6.9416670287027955,0.6558333950233646,20.248259781394154,3.0166668239980936,-0.10656271229214553,-19.175853247164923,-2.1613928723254503,-6.485760994393786,-1.523879528263933
35,50.505820920690894,305,5.083333333333333,18.89649200439453,3.9080908280537754,True,False,False,85.0,103.89649200439453,True,4.1257044358644634e-07,49.583335825329414,2.5333334654569626,0.22916668822290376,7.305792351253331,1.1333333924412727,-0.037563461026365985,-6.073996514187456,-0.6503376820655831,-2.943533150013536,-0.5737104072904913
36,150.70461323740892,960,16.0,59.63521194458008,3.7193034624001786,False,True,False,-55.0,4.635211944580078,False,1.3740342978962872e-06,149.11117305373773,8.000000417232513,0.7983334084274247,23.930625967681408,3.833333533257246,-0.13633735954743997,-23.501857667055447,-2.5939440205802384,-7.060658657210297,-1.6760568125682767
37,184.23506048321724,960,16.0,74.57073211669922,4.657603078052974,False,True,False,5.0,79.57073211669922,False,1.4313211522676283e-06,186.18360270687845,8.000000417232513,0.800000075250864,23.972082167863846,3.4500001799315214,-0.13205935909149957,-25.49868967474322,-2.9355764104329864,-7.70314633322414,-1.9011518551269546
38,157.01176846353337,960,16.0,63.949859619140625,3.9925395661732184,False,True,False,-45.0,18.949859619140625,False,3.0488990887533873e-08,159.73894053942058,8.000000417232513,0.800000075250864,23.93279279768467,3.58333352021873,-0.1440713726051399,-25.964842738001607,-2.948629936452562,-8.236380487709539,-1.74937438199413
39,168.51498751481995,960,16.0,68.13898468017578,4.249865589787563,False,True,False,-65.0,3.1389846801757812,False,4.818808747586445e-07,170.2482179295912,8.000000417232513,0.800000075250864,23.56920972838998,3.4500001799315214,-0.13421749500196256,-24.944456755794818,-2.9539822651113354,-7.671239559122114,-1.8485452224267647
40,0.050778800854459405,15,0.25,0.383270263671875,-0.2402836259454489,True,False,False,55.0,55.383270263671875,False,2.2624590201303363e-08,-0.14697266349685378,0.11666667275130749,0.00250000023515895,0.3750000335276127,0.01666666753590107,-0.0005584848004218657,-0.16755954269319773,-0.036340010236017406,-0.1009430019184947,-0.007680847425945103
41,134.2753343868535,960,16.0,54.42763900756836,3.3918306854592326,False,True,False,-35.0,19.42763900756836,False,1.691884108367958e-07,135.97136104435776,8.000000417232513,0.7808334067813121,21.074529303739837,3.800000198185444,-0.13188375832089605,-22.785860009666067,-2.6823966225820186,-8.159324001288041,-1.5919257607747568
42,174.20651146804448,872,14.533333333333333,70.17047882080078,4.822349965962722,True,False,False,35.0,105.17047882080078,True,2.2253408360484173e-06,175.4406009998056,7.258333711884916,0.6975000656093471,21.42401847525616,3.0333334915339947,-0.1136454990008815,-21.43570875527803,-2.5198402877431363,-7.724633764999453,-1.8534447436832124
43,168.0946733201854,960,16.0,67.29644012451172,4.202111079489502,False,True,False,5.0,72.29644012451172,False,7.87186991146882e-08,168.2246179690119,8.000000417232513,0.800000075250864,24.000002145767212,3.5333335176110268,-0.13523872182724972,-24.615607432089746,-2.675278579336009,-7.250034529076856,-1.787121621076949
44,155.52009764686227,960,16.0,63.808982849121094,3.980376708914749,False,True,False,-75.0,-11.191017150878906,False,1.5650696241209516e-06,159.23096523730783,8.000000417232513,0.7975000750157051,23.490713126957417,3.633333522826433,-0.1405276442894774,-26.153450337034883,-3.150146916610538,-8.313423124509427,-1.8748682751029264
45,187.30889725033194,960,16.0,77.33677673339844,4.8302540706761645,False,True,False,-85.0,-7.6632232666015625,False,1.4991426269261865e-06,192.97103808098473,8.000000417232513,0.800000075250864,23.335359734483063,3.300000172108412,-0.13097098132789142,-26.344978926412296,-3.220204304703657,-9.338279842064367,-2.0630656760768034
46,178.1062840722734,954,15.9,72.21144104003906,4.535675795131365,True,False,False,15.0,87.21144104003906,False,2.2977720846029115e-06,180.48845316492952,7.94166708085686,0.7708334058406763,23.374041758477688,3.150000164285302,-0.1264958336004156,-24.28465847118059,-2.9012141056518885,-8.331249681308691,-1.9750911126029678
47,172.6619283617474,960,16.0,69.94107055664062,4.363419181349067,False,True,False,-95.0,-25.058929443359375,False,8.860287152856472e-07,174.68864797870629,8.000000417232513,0.7975000750157051,23.9501720238477,3.600000187754631,-0.1355341560421266,-24.93366696027806,-2.8612878364729113,-8.482434964098502,-1.9614675178891048
48,184.02527598291636,960,16.0,73.58807373046875,4.594677645152357,False,True,False,-45.0,28.58807373046875,False,1.2169865044597827e-06,183.9057704807492,8.000000417232513,0.800000075250864,23.926809176802635,3.5000001825392246,-0.12243758606672372,-23.348859247227665,-2.8135010121040978,-7.9675152898271335,-1.854989997445955
49,23.540246019605547,180,3.0,9.417427062988281,3.1559170514034727,True,False,False,95.0,104.41742706298828,True,2.91174728772603e-07,23.671062488181633,1.4916667444631457,0.12583334516966715,4.199493246735074,0.6000000312924385,-0.02100581536797108,-3.2068947511797887,-0.41960117733651714,-2.595076223835349,-0.3052321596915135
50,158.76214466081,960,16.0,64.19913482666016,4.00581824593246,False,True,False,-75.0,-10.800865173339844,False,7.204403118521441e-07,160.49707811465487,8.000000417232513,0.7916667411336675,23.105792361311615,3.6500001903623343,-0.1378669742002785,-24.42979677632684,-2.8780476241445285,-8.018022129879682,-1.8186589388933498
51,-2.021253459099171,83,1.3833333333333333,-0.3550291061401367,-0.2539099040160696,True,False,False,-15.0,-15.355029106140137,False,6.882663683427381e-08,-0.9047852081712335,0.6833333689719439,0.0083333341171965,0.6181542289159552,0.01666666753590107,-0.008140751184612327,-0.9069395429105498,-0.16488183950423263,-1.316952800261788,-0.04604084778111428
52,-0.29344636568566784,15,0.25,0.5602493286132812,-0.13662960107127825,True,False,False,-95.0,-94.43975067138672,False,1.2438249541446567e-08,-0.07617187802679837,0.11666667275130749,0.0033333336468786,0.34314444474875927,0.03333333507180214,-0.0013478616783686448,-0.3571488559246063,-0.06370763073209673,-0.2671903483569622,-0.024357564747333527
53,82.78346157399938,442,7.366666666666666,29.893280029296875,4.576392726408006,True,False,False,75.0,104.89328002929688,True,8.412486778297534e-07,84.37777130678296,3.675000191666186,0.30583336210111156,9.511152297796798,1.1166667249053717,-0.04504340853566191,-8.575286875076927,-1.0529347720945879,-5.860808613040717,-0.6688877992564812
54,201.4214287204668,959,15.983333333333333,81.3099594116211,5.08335705785949,True,False,False,25.0,106.3099594116211,True,3.706918590751229e-06,203.29037428740412,7.983333749696612,0.7608334049000405,23.194909977282805,3.0500001590698957,-0.11831478582908517,-23.672299440442657,-2.7553544211841654,-8.388355107578718,-1.9236953959334642
55,153.39269112225156,960,16.0,63.40569305419922,3.957711897235519,False,True,False,35.0,98.40569305419922,False,8.703977982804645e-08,158.37126441928558,8.000000417232513,0.800000075250864,23.681612013839185,3.58333352021873,-0.14310034314667064,-26.552117053128313,-3.1206853663370566,-9.131016032072012,-2.0966004418514785
56,103.19577800808474,584,9.733333333333333,43.23883819580078,4.4322563560716635,True,False,False,45.0,88.23883819580078,False,1.5967052604537457e-06,108.12012264202349,4.858333586715162,0.4600000432692468,13.3771230589482,1.9500001017004251,-0.08515923667619063,-16.566758184111677,-2.0589559757590905,-5.704407152166823,-1.154519279152737
57,100.9930422315374,480,8.0,40.36304473876953,5.042184754418364,True,False,False,65.0,105.36304473876953,True,2.288898144797713e-06,100.93603996568709,3.991666874848306,0.37416670186212286,11.664284734768444,1.5500000808387995,-0.053298173373946156,-10.445625519663736,-1.2676050225327344,-4.755617944349069,-1.000967177649727
58,166.13805131334811,960,16.0,66.19683837890625,4.133271849423181,False,True,False,-45.0,21.19683837890625,False,2.1725998067267938e-07,165.52019023452885,8.000000417232513,0.7866667406633496,23.68594109453261,3.5333335176110268,-0.1254024020728366,-22.96149814792443,-2.7671151072299836,-7.720012613484869,-1.8140522032481385
59,162.03187666786835,960,16.0,65.60237121582031,4.093086295054915,False,True,False,-35.0,30.602371215820312,False,1.363608816973283e-07,164.0325603922247,8.000000417232513,0.800000075250864,23.954700173810124,3.7666668631136417,-0.1441427376852289,-25.511515214515384,-2.8813763300804567,-8.085127233352978,-1.8998898744903272
60,167.21557817980647,960,16.0,67.44879150390625,4.207673067130964,False,True,False,-55.0,12.44879150390625,False,7.592203701278777e-07,168.78760623116978,8.000000417232513,0.800000075250864,23.780737353488803,3.5000001825392246,-0.13357690285704393,-24.732521886384347,-2.939204715539745,-8.062179005966755,-1.7852843283471884
61,182.49660781794228,960,16.0,75.24700927734375,4.696992804777498,False,True,False,-75.0,0.24700927734375,False,1.5171779637057625e-06,188.34652620647103,8.000000417232513,0.800000075250864,23.23467776644975,3.4666668474674225,-0.13889687326553712,-26.73407357886026,-3.19573331502761,-9.01642461929805,-2.2661335912998766
62,142.5578540097922,886,14.766666666666666,57.103233337402344,3.861284799335638,True,False,False,45.0,102.10323333740234,True,4.773228852172906e-07,142.87728610041086,7.375000384636223,0.7150000672554597,20.597671779993107,2.9833334889262915,-0.11445094822562396,-21.352225570575683,-2.4713870908799436,-6.45391371952428,-1.598460959547083
63,166.40752458991483,960,16.0,67.34256744384766,4.199411288144377,False,True,False,35.0,102.34256744384766,True,9.263446827389998e-07,168.42351086679264,8.000000417232513,0.7841667404281907,23.76827144343406,3.4500001799315214,-0.13241289037318893,-24.714681517740246,-2.8761585774609557,-8.383967649482656,-1.9112053491917322
64,156.1253851291258,960,16.0,64.50241088867188,4.022697221980585,False,True,False,-95.0,-30.497589111328125,False,1.8281889424542896e-07,161.33773582597496,8.000000417232513,0.800000075250864,23.681913680396974,3.4333335123956203,-0.14748116662804023,-26.62095207386301,-3.2965731228978257,-9.122943439524533,-1.9396487620306289
65,168.68938362412155,960,16.0,69.44876861572266,4.334201402314163,False,True,False,-75.0,-5.551231384277344,False,8.802360298432177e-07,173.6468189934967,8.000000417232513,0.7941667413688265,23.66166089102626,3.4666668474674225,-0.13695074556221698,-26.457062805333408,-3.3081904253194807,-8.872218185380916,-2.1055072246381314
66,135.29594890400767,960,16.0,53.203758239746094,3.319711490806852,False,True,False,-55.0,-1.7962417602539062,False,1.5574532312712108e-06,133.16846394340973,8.000000417232513,0.7966667416039854,23.94427472911775,3.7333335280418396,-0.1328059423685204,-22.6854526133975,-2.5747188808800274,-7.425053052138537,-1.5287615240667947
67,166.8850577902631,960,16.0,68.17832946777344,4.254920802966808,False,True,False,-5.0,63.17832946777344,False,1.5116403346837615e-06,170.35547707477235,8.000000417232513,0.800000075250864,23.797470401972532,3.7333335280418396,-0.13308998476520628,-25.20631104525819,-3.0531109400835703,-9.292423251084983,-2.116286974174727
68,156.90464556682855,960,16.0,62.47728729248047,3.898861029421096,False,True,False,15.0,77.47728729248047,False,6.165471404528944e-07,156.1201253564068,8.000000417232513,0.800000075250864,23.623012039344758,3.783333530649543,-0.13430346137533888,-23.917004553892184,-2.6676111815213517,-7.038261316731223,-1.6646459550829604
69,158.74743059789762,960,16.0,64.37533569335938,4.016626605476874,False,True,False,-75.0,-10.624664306640625,False,2.0292102931307454e-07,160.95915523654548,8.000000417232513,0.7875000740750693,23.849086163565516,3.633333522826433,-0.14405767458541163,-25.892263940681005,-2.9770736150912853,-7.724485385299886,-1.7437644036108395
70,158.65105714724632,960,16.0,63.23410415649414,3.9450328853951455,False,True,False,-95.0,-31.76589584350586,False,1.194760670841788e-06,158.41081538479193,8.000000417232513,0.7866667406633496,23.923569159582257,3.4666668474674225,-0.13625427889678576,-23.872192333918065,-2.6704932628563256,-7.623538806277793,-1.634183915302856
71,135.8604352605762,960,16.0,55.61784362792969,3.4697614797701437,False,True,False,-95.0,-39.38215637207031,False,3.8777830013714265e-07,138.71566467592493,8.000000417232513,0.800000075250864,23.769662523642182,3.783333530649543,-0.13839209619868598,-24.770814074901864,-3.074884653564368,-9.271743411180069,-1.9523921140571474
72,95.82048276416026,604,10.066666666666666,37.9290771484375,3.7660781697243673,True,False,False,65.0,102.9290771484375,True,3.9110841498768423e-07,95.19775883920374,5.0250002620741725,0.48750004585599527,14.84000365389511,2.2833334524184465,-0.08368326672120929,-14.225439467700198,-1.6479247030474653,-5.046778446534518,-1.0092879963922314
73,153.3926947742002,960,16.0,62.73583221435547,3.914957507517344,False,True,False,-25.0,37.73583221435547,False,1.118871921335085e-06,156.3501056585228,8.000000417232513,0.800000075250864,23.628672835417092,3.7166668605059385,-0.1408228115948873,-25.112801545590628,-3.0331390135943366,-8.745565265318874,-2.0704235555022024
74,187.19890842214227,960,16.0,75.22914123535156,4.695441508099126,False,True,False,-15.0,60.22914123535156,False,7.167929538809403e-07,188.26156513358,8.000000417232513,0.800000075250864,23.95687177591026,3.1833334993571043,-0.12666686531593996,-24.475304888386745,-2.8526777498418596,-7.67205108795315,-1.8761611708978307
75,149.77163556677988,960,16.0,60.6416015625,3.784210916805508,False,True,False,-65.0,-4.3583984375,False,4.4761344497601385e-07,151.9837317269994,8.000000417232513,0.7841667404281907,22.689763028611196,3.400000177323818,-0.13266685556681068,-24.055303627217654,-2.8497194223382394,-8.409337881661486,-1.63899918464449
76,25.4466270339326,162,2.7,8.1981201171875,3.7034041438550678,True,False,False,95.0,103.1981201171875,True,1.4282159099821e-07,25.06396606063936,1.341666736640036,0.1116666771704331,3.745600334572373,0.5166666936129332,-0.018057103481623926,-2.819981636152079,-0.37288731919397833,-1.8794957203790545,-0.24251783231738955
77,95.06132076669019,571,9.516666666666666,38.84618377685547,4.075310228584944,True,False,False,65.0,103.84618377685547,True,3.3667072329990333e-07,97.04704285482876,4.750000247731805,0.45083337574033067,13.891987935639918,1.9666667692363262,-0.0819438118172684,-14.425377191510051,-1.7264593981090002,-5.6752146210637875,-1.1362157306575682
78,49.34235286805779,347,5.783333333333333,22.457984924316406,3.4171241616738977,True,False,False,85.0,107.4579849243164,True,2.587860308267409e-07,49.75814059341792,2.883333483710885,0.26750002516200766,8.17983262251073,1.200000062584877,-0.045802013434013134,-7.535683861322468,-0.9770531709509669,-3.8308120587753365,-0.5571030736318789
79,187.27838494163007,960,16.0,75.47115325927734,4.709702607996345,False,True,False,-15.0,60.471153259277344,False,1.4890458714944543e-06,188.588225447922,8.000000417232513,0.800000075250864,23.732607713900506,3.4333335123956203,-0.1291146201117499,-24.85797085450031,-2.9825833948416403,-7.377254902261484,-1.9288569643103983
80,145.15793283097446,960,16.0,57.27526092529297,3.5761165916298827,False,True,False,5.0,62.27526092529297,False,6.303113195826882e-07,143.1619541735854,8.000000417232513,0.7725000726641156,23.979811057448387,4.05000021122396,-0.14111339952671642,-23.56363899173448,-2.544319146018097,-6.910951240584836,-1.6463109536271077
81,0.2974259078473551,26,0.43333333333333335,-0.6714553833007812,0.3505995820921201,True,False,False,-65.0,-65.67145538330078,False,2.3292159312404692e-09,0.3710937693249434,0.20833334419876337,0.00416666705859825,0.5247413911856711,0.03333333507180214,-0.001218757678543625,-0.21236517548095435,-0.04744168200704735,-0.5655042072758079,-0.017712774220854044
82,148.5721293874085,960,16.0,60.087615966796875,3.7504257257368105,False,True,False,5.0,65.08761596679688,False,8.934350148592785e-07,149.99268328025937,8.000000417232513,0.7608334049000405,22.141253319940006,3.5166668500751257,-0.13729095957222626,-23.77115650527412,-2.721896638046019,-7.479297009362199,-1.7296676661790116
83,124.55574344960041,960,16.0,51.179866790771484,3.19361990421991,False,True,False,-45.0,6.179866790771484,False,1.4216902854968794e-06,128.28076832761872,8.000000417232513,0.800000075250864,22.777522968128324,3.9000002034008503,-0.14353707360442058,-24.971054273366462,-3.0118331082267105,-9.251764768690919,-1.8243607398326276
84,47.59189529903233,273,4.55,18.498207092285156,4.106513976460603,True,False,False,85.0,103.49820709228516,True,1.764078660926316e-07,46.77555575536098,2.2666667848825455,0.20250001904787496,6.621504482347518,0.8500000443309546,-0.031064242653428664,-5.669767176936148,-0.6848710439226124,-2.2833580805017846,-0.4552710665157065
85,176.31914080954448,960,16.0,71.79070281982422,4.483066082652658,False,True,False,-85.0,-13.209297180175781,False,8.731410048312682e-07,179.49024325824575,8.000000417232513,0.800000075250864,23.897768484428525,3.6500001903623343,-0.1365999493712593,-25.593620942730922,-3.135026987609308,-8.545607056163135,-2.1080158069598838
86,171.82119177872664,945,15.75,69.45008850097656,4.401645117737451,True,False,False,-85.0,-15.549911499023438,False,9.137461915997847e-07,173.757658768096,7.866667076945305,0.7775000731344335,23.108785555930808,3.2833335045725107,-0.1321140184022056,-24.395902984426357,-2.9583278131431143,-7.544568174547749,-1.9418392956868047
87,0.8208310632035136,27,0.45,0.6754627227783203,0.9429490864276886,True,False,False,-25.0,-24.32453727722168,False,6.044501787982881e-09,0.9807943161576986,0.2166666779667139,0.00416666705859825,0.6750000603497028,0.01666666753590107,-0.0013327576671144925,-0.20956191906225285,-0.04070197984947299,-0.8037002272903919,-0.01716643595136702
88,-0.4186479375930503,23,0.3833333333333333,-1.6857013702392578,-0.5501356934723647,True,False,False,-25.0,-26.685701370239258,False,1.6468675312353298e-08,-0.5019531457219273,0.18333334289491177,0.0050000004703179,0.40891110493976157,0.01666666753590107,-0.0004933056666232005,-0.1564328600652516,-0.03723572619492188,-0.3316263989545405,-0.00481760036200285
89,0.5934202091302723,17,0.2833333333333333,0.2910957336425781,1.041674957555883,True,False,False,-55.0,-54.70890426635742,False,6.00994098931551e-09,0.7347005568444729,0.13333334028720856,0.0033333336468786,0.28391337508219294,0.03333333507180214,-0.0025078834587475285,-0.23647820740006864,-0.02880477491999045,-0.3200385607779026,-0.007364311255514622
90,-4.047903798054904,137,2.283333333333333,0.04773712158203125,-0.1837378383281022,True,False,False,85.0,85.04773712158203,False,1.1353949957992882e-07,-1.2270508304354735,1.1333333924412727,0.0966666757594794,0.7050486131047364,0.13333334028720856,-0.00860118995205994,-1.652808401377115,-0.30252961598034744,-2.848813330056146,-0.07648233830695972
91,121.86588381393813,960,16.0,47.83592224121094,2.9836235962815407,False,True,False,45.0,92.83592224121094,False,1.0273768680235662e-06,119.66211525123799,8.000000417232513,0.7766667397227138,23.984740361571312,4.1833335515111685,-0.13619851966433316,-22.343060375467758,-2.5573500992359186,-8.222693145180529,-1.481671395165904
92,151.88309678109363,800,13.333333333333334,61.50236892700195,4.609885522313416,True,False,False,-45.0,16.502368927001953,False,4.906509047941654e-07,152.69450607229373,6.658333680592477,0.6550000616116449,19.93367330171168,2.7166668083518744,-0.1031260503256135,-19.528835056669777,-2.352320839818276,-7.107344247109722,-1.6834564588934882
93,129.91461735824123,960,16.0,50.244598388671875,3.134117668349063,False,True,False,15.0,65.24459838867188,False,9.981099537981208e-07,125.86589165960322,8.000000417232513,0.783333407016471,23.655322057195008,3.816666865721345,-0.12242587634091251,-20.63297627645079,-2.4249320573580917,-7.617599849880207,-1.40866398660728
94,72.90902136696968,629,10.483333333333333,28.225830078125,2.6849680411938834,True,False,False,75.0,103.225830078125,True,7.078596127030323e-07,70.73486698894703,5.233333606272936,0.5008333804435097,15.526362336240709,2.4666667953133583,-0.08376623113952064,-12.846004692284623,-1.456410101435722,-6.29671880431124,-0.8701426189363701
95,165.53418909735046,960,16.0,66.16084289550781,4.128686589216765,False,True,False,-25.0,41.16084289550781,False,1.4922613900125725e-07,166.22526920581004,8.000000417232513,0.7983334084274247,23.991622725501657,3.383333509787917,-0.1334595567030874,-24.613884329184657,-2.7514287569501903,-7.692175514540395,-1.6734221612568945
96,155.32087133359164,960,16.0,62.663108825683594,3.909918385542308,False,True,False,25.0,87.6631088256836,False,4.7387800350406906e-07,157.05599747120868,8.000000417232513,0.7925000745453872,23.551800389774144,3.4666668474674225,-0.13762630921917207,-24.696528124884935,-2.9310011233465048,-8.085970656276913,-1.6949681267869892
97,122.35791993213934,960,16.0,49.692176818847656,3.098832370277766,False,True,False,45.0,94.69217681884766,False,1.0220396120530495e-06,124.54378907114733,8.000000417232513,0.7875000740750693,22.947246284224093,4.05000021122396,-0.13213946011859434,-22.897618778864853,-2.875669987515721,-10.046440456208074,-2.018748465095996
98,-0.18368856143206358,22,0.36666666666666664,2.36962890625,0.1384154079820622,True,False,False,55.0,57.36962890625,False,2.239357854705304e-08,0.11604818236082792,0.17500000912696123,0.0033333336468786,0.5489378981292248,0.03333333507180214,-0.002771727524304879,-0.3405037294141948,-0.053186983277555555,-0.65489989425987,-0.008978962898254395
99,172.0022794632241,960,16.0,69.09159088134766,4.310960245371097,False,True,False,-5.0,64.09159088134766,False,4.0487282149115345e-07,173.59896663262043,8.000000417232513,0.800000075250864,23.920512741431594,3.5333335176110268,-0.13151902132938176,-25.078871243298636,-3.0026653557006284,-7.719629594415892,-1.9178491110506002
