component,mean,std,min,max
progress,121.63251750873198,64.64640204083466,-1.2270508304354735,203.29037428740412
alive,6.0350003147497775,2.942642106999346,0.11666667275130749,8.000000417232513
upright,0.5903333888622001,0.30105449459748196,0.00250000023515895,0.800000075250864
move_to_target,17.679792389764735,8.814962476366052,0.28391337508219294,24.000002145767212
foot_contact,2.636000137478113,1.3655824052859242,0.01666666753590107,4.1833335515111685
action_l2,-0.09929435741033402,0.05109799731011716,-0.14748116662804023,-0.0004752994802856847
energy,-18.093065584958914,9.463508591178735,-27.446639553549176,-0.14623419259442016
joint_velocity,-2.1374473462161854,1.1088680981223746,-3.3081904253194807,-0.02880477491999045
joint_pos_limits,-6.384281282611162,2.9181987535968585,-14.237290791606938,-0.1009430019184947
foot_slip,-1.3760021092112948,0.7293295480038056,-2.3487608755240217,-0.002372582908719778
total,120.48355293938303,63.886427953719526,-4.047903798054904,201.4214287204668
